pdf_uri,parent_uri,scanned_date,file_hash,pdf_is_archived
https://aas.sfsu.edu/sites/default/files/documents/AAS-Archived-Events-2021.pdf,https://aas.sfsu.edu/news-and-events,2024-02-21 00:41:52,ef56b5f8b43f5c745c87bf1e481b021007908a849913ffc33dde81057a682d46,1
https://aas.sfsu.edu/sites/default/files/documents/AAS-Archived-Events-2020.pdf,https://aas.sfsu.edu/news-and-events,2024-02-21 00:41:55,e1c884c03e5a7db0768cefc7eb4212c882892e6cfcbc4cbce2943992f9795b46,1
https://aas.sfsu.edu/sites/default/files/documents/AAS-Archived-Events-2019.pdf,https://aas.sfsu.edu/news-and-events,2024-02-21 00:41:57,5a00d9fdea34f949cbe8bfe8305ec4342cd93ed58af7034e50cc6279b1b44638,1
https://aas.sfsu.edu/sites/default/files/documents/AAS-Archived-Events-2018.pdf,https://aas.sfsu.edu/news-and-events,2024-02-21 00:42:01,3ab6f437440d367c7b3c0b809efcb4c2132c12895fe9707c3adce69937a2997b,1
https://aas.sfsu.edu/sites/default/files/documents/AAS-Archived-Events-2017.pdf,https://aas.sfsu.edu/news-and-events,2024-02-21 00:42:11,13820c4ee5082fc48928d2dc68116f0e66ee5a4d36418be33da530579f14e840,1
https://aas.sfsu.edu/sites/default/files/documents/AAS-Archived-Events-2016.pdf,https://aas.sfsu.edu/news-and-events,2024-02-21 00:42:21,e0f18801173ec82df52aa135077cf58c0eef2d2e71dd02547b4e45c134bdfc89,1
https://aas.sfsu.edu/sites/default/files/documents/AAS-Archived-Events-2015.pdf,https://aas.sfsu.edu/news-and-events,2024-02-21 00:42:37,b0b92c6f5bc645ce426e45512b8fca7d43820aaf8a5cf2f4df0f08e2787bd1ca,1
https://aas.sfsu.edu/sites/default/files/documents/AAS-Archived-Events-2014.pdf,https://aas.sfsu.edu/news-and-events,2024-02-21 00:42:41,2d0f0d0493c2d22915f343852ed9a9f39e7483f9f04773895d9a7114429613a9,1
https://amed.sfsu.edu/sites/default/files/documents/malcolm.pdf,https://amed.sfsu.edu/archives,2024-02-21 01:09:35,3580882af909e3527c6f60e37a7165c60269dc764727294c0472ef4b47cde3c9,1
https://amed.sfsu.edu/sites/default/files/documents/oweisbook.pdf,https://amed.sfsu.edu/archives,2024-02-21 01:09:37,ced765e6bfb920b06410effe11a5ed10322cdcceab44e19f94a5b15200107588,1
https://amed.sfsu.edu/sites/default/files/documents/beyond.pdf,https://amed.sfsu.edu/archives,2024-02-21 01:09:39,80b8560979295b0275ee9a079ff466e12f981b70a1d70b9ab49069670a4a0a2d,1
https://amed.sfsu.edu/sites/default/files/documents/smadarflyer.pdf,https://amed.sfsu.edu/archives,2024-02-21 01:09:41,0fcdcbb54c7c8a56c320a3144cb8e2c98a6e2ba77f39756378d1ba50ba7f8c46,1
https://amed.sfsu.edu/sites/default/files/documents/resist.pdf,https://amed.sfsu.edu/archives,2024-02-21 01:09:43,b31045084d953e66f5861b230d1f79925ef4c3370212f8d8fc11aef2f7047ce2,1
https://amed.sfsu.edu/sites/default/files/documents/gazateachin.pdf,https://amed.sfsu.edu/archives,2024-02-21 01:09:45,96a0c6af8d65e6b61c94cb9d48dcc0c08206c26474e01d1aeee65356c73840f4,1
https://amed.sfsu.edu/sites/default/files/documents/kshaikh.pdf,https://amed.sfsu.edu/archives,2024-02-21 01:09:47,942f0589279b88b635e737bda48a07912c2405993256c5578ddb07771cd27204,1
https://amed.sfsu.edu/sites/default/files/documents/electionnight.pdf,https://amed.sfsu.edu/archives,2024-02-21 01:09:49,2daaa0f7e6e031be16aa82adb273a3e0384f031778752490ecadb3c91e246a03,1
https://amed.sfsu.edu/sites/default/files/documents/40thAMED.pdf,https://amed.sfsu.edu/archives,2024-02-21 01:09:52,9dbfb97ca8a0083f9593968d98fc345e2dd17b63c6cb7f7b30debf73c6872263,1
https://amed.sfsu.edu/sites/default/files/documents/DrHatem.pdf,https://amed.sfsu.edu/archives,2024-02-21 01:09:55,3d1667b20e0c19f99bfa33950f795cd62a56cecb4d4b6465b1ff5c41f7928cc6,1
https://amed.sfsu.edu/sites/default/files/documents/queering.pdf,https://amed.sfsu.edu/archives,2024-02-21 01:09:57,ee8e2b0f4e820eb51664134697203d2d70a4552e1f55400ed7dca55026689a9b,1
https://amed.sfsu.edu/sites/default/files/documents/WSFreportback.pdf,https://amed.sfsu.edu/archives,2024-02-21 01:09:59,e2f29a8106cc1c1b5dca38695448899545e0905d4b029a1164ef5f9ce39dccc2,1
https://biology.sfsu.edu/sites/default/files/documents/BioConnectSpring2021Final.pdf,https://biology.sfsu.edu/newsletters,2024-03-05 01:56:58,9f892656da71604d448b72712a81542214710773e4df87561dcd992e436de311,1
https://biology.sfsu.edu/sites/default/files/documents/Fall%202020%20BioConnnect_0.pdf,https://biology.sfsu.edu/newsletters,2024-03-05 01:57:02,b8c7acbb30683fd986771ab50a0ab375393bb938554444618956d8740b8c1a88,1
https://biology.sfsu.edu/sites/default/files/documents/Fall%202019%20BioNews.pdf,https://biology.sfsu.edu/newsletters,2024-03-05 01:57:07,30b8d410b6a0de517516b02b0d28a2272a1cd00dc2f34faa61220237456bb021,1
https://biology.sfsu.edu/sites/default/files/documents/Spring2019%20BioNews.pdf,https://biology.sfsu.edu/newsletters,2024-03-05 01:57:11,37e195147784ae623a6bbc9a8d72ef26ff2ef4254b7d3411e97237c10048ad4f,1
https://biology.sfsu.edu/sites/default/files/documents/bionews-sp18.pdf,https://biology.sfsu.edu/newsletters,2024-03-05 01:57:15,726b0cf53884056814c17920a99589ef7f92e1735d184df7b95d59047016771e,1
https://biology.sfsu.edu/sites/default/files/documents/bionews-fa17.pdf,https://biology.sfsu.edu/newsletters,2024-03-05 01:57:18,8f211edb6c79c097f2543553048409f9ed492e446c1fa3b7d0b1c5e8360b4f6a,1
https://biology.sfsu.edu/sites/default/files/documents/bionews-sp17.pdf,https://biology.sfsu.edu/newsletters,2024-03-05 01:57:22,2a345a9e2ada7c24c313cd5095ac8321fb326bd4db0b6e449943f8c0a0d47389,1
https://biology.sfsu.edu/sites/default/files/documents/bionews-fa16.pdf,https://biology.sfsu.edu/newsletters,2024-03-05 01:57:25,beb14d99259618d479eb71f79db143210fd2a10435afe0219021cc86f88745b9,1
https://biology.sfsu.edu/sites/default/files/documents/bionews-sp16.pdf,https://biology.sfsu.edu/newsletters,2024-03-05 01:57:29,d3a017d33b087eb2165ec8bf1485d529cfaa60a0bcc8b24358bd4785a2d8c74f,1
https://biology.sfsu.edu/sites/default/files/documents/bionews-fa15.pdf,https://biology.sfsu.edu/newsletters,2024-03-05 01:57:32,ce99d7837d12a38814b1c877fce5772749d1ed11fdaa67dbbbff641de947f146,1
https://biology.sfsu.edu/sites/default/files/documents/bionews-sp15.pdf,https://biology.sfsu.edu/newsletters,2024-03-05 01:57:36,85c9a1e10e6663afeface6f1ac64b35732ef2688950967c4540d22340099b787,1
https://biology.sfsu.edu/sites/default/files/documents/bionews-fa14.pdf,https://biology.sfsu.edu/newsletters,2024-03-05 01:57:40,58b8fdbcf57e3b9e900c4e3c847b66df463653b305056e2bc1bfb3dae29c0155,1
https://biology.sfsu.edu/sites/default/files/documents/bionews-sp14.pdf,https://biology.sfsu.edu/newsletters,2024-03-05 01:57:44,0e71fc50f40083b2da589d907a1380239dc3d273f430b1dc2f11f79edffb89ea,1
https://biology.sfsu.edu/sites/default/files/documents/bionews-fa13.pdf,https://biology.sfsu.edu/newsletters,2024-03-05 01:57:48,210fe289230c1df6a17807b9658baa8f0a8f29f322f3a8d55140a8fc5d522199,1
https://biology.sfsu.edu/sites/default/files/documents/bionews-sp13.pdf,https://biology.sfsu.edu/newsletters,2024-03-05 01:57:52,29ee791bcf4832326ae03fc73d3e0f2fe48cafb76e1650313cf53ee00042e894,1
https://biology.sfsu.edu/sites/default/files/documents/bionews-fa12.pdf,https://biology.sfsu.edu/newsletters,2024-03-05 01:57:56,c8fbb82ee98bc98826968bdd79315ebd987edb82dc263e094193b78d8e531ef4,1
https://biology.sfsu.edu/sites/default/files/documents/bionews-sp12.pdf,https://biology.sfsu.edu/newsletters,2024-03-05 01:57:59,65a51e7d04d25d03c03af15236fd89d4e28e55b401bb0e4483a4758dd19a64f7,1
https://biology.sfsu.edu/sites/default/files/documents/bionews-fa11.pdf,https://biology.sfsu.edu/newsletters,2024-03-05 01:58:03,c6b711d41237966b81d5ba3003509e05f111824d41febe88c0fb99838fef6fa2,1
https://biology.sfsu.edu/sites/default/files/documents/bionews-sp11.pdf,https://biology.sfsu.edu/newsletters,2024-03-05 01:58:06,7110702a26cb9fea7ab2f55ab672e987265d85d6f70e265239f337251e18fa68,1
https://biology.sfsu.edu/sites/default/files/documents/bionews-fa10.pdf,https://biology.sfsu.edu/newsletters,2024-03-05 01:58:10,62329de8d676873a69e9d32074878c0edcd645ee9a9db1836cd0af82707588ac,1
https://biology.sfsu.edu/sites/default/files/documents/bionews-sp10.pdf,https://biology.sfsu.edu/newsletters,2024-03-05 01:58:13,69354040dc7a148c29d51b1da8fac3594a37e42b7cdaa699e3e09bdbfab5dcd1,1
https://biology.sfsu.edu/sites/default/files/documents/bionews-fa09.pdf,https://biology.sfsu.edu/newsletters,2024-03-05 01:58:16,3c88772d358de60835f85f4efa6bb49e9b53cdd0368b299e90a1ec4a21d1bd77,1
https://biology.sfsu.edu/sites/default/files/documents/bionews-sp09.pdf,https://biology.sfsu.edu/newsletters,2024-03-05 01:58:19,5b7297a92fbf2f6a4cfa87bc762ec96efb4de63e816c241ba00621691d7ee7aa,1
https://biology.sfsu.edu/sites/default/files/documents/bionews-fa08.pdf,https://biology.sfsu.edu/newsletters,2024-03-05 01:58:22,b823bd56e003cc3bebb57a4e313e0da67a801553656021ee66537ccedd947f9e,1
https://biology.sfsu.edu/sites/default/files/documents/bionews-sp08.pdf,https://biology.sfsu.edu/newsletters,2024-03-05 01:58:25,11607ade12f8cc26248e8e05a78a6087f680f0bc702a4aa1c74ad99f2bb56382,1
https://biology.sfsu.edu/sites/default/files/documents/bionews-fa07.pdf,https://biology.sfsu.edu/newsletters,2024-03-05 01:58:28,0af928303b13a0dccb6b2e62c56b23d8a03881218866459f494bf7b8a7c32743,1
https://biology.sfsu.edu/sites/default/files/documents/bionews-sp07.pdf,https://biology.sfsu.edu/newsletters,2024-03-05 01:58:32,c38d66239d0c72e9784f207dc8e5e8e19a1779b576ccd2bdf5d65a62f9153a2a,1
https://biology.sfsu.edu/sites/default/files/documents/bionews-fa06.pdf,https://biology.sfsu.edu/newsletters,2024-03-05 01:58:34,8e74e48227b00ce1934a01a14f36d4e1759565d51a78d989bb816c7f692a4e19,1
https://budget.sfsu.edu/sites/default/files/documents/Budget_Forum_2020-2021_Full_Presentation_1.pdf,https://budget.sfsu.edu/budget-1o1-additional-resources,2024-03-05 02:06:54,7d07ce06540ce8791487d3ea6b2d5a1ec4dcaa895df014c6b9270f5bf6d42e48,1
https://budget.sfsu.edu/sites/default/files/documents/Budget_Forums_2020.pdf,https://budget.sfsu.edu/budget-1o1-additional-resources,2024-03-05 02:06:56,5b015cb93f716df177d1bf9b8c3a217ff259adc3d06fa99820cc6c024da5c577,1
https://budget.sfsu.edu/sites/default/files/documents/Budget_Town_Hall_2019-Presentation.pdf,https://budget.sfsu.edu/budget-1o1-additional-resources,2024-03-05 02:07:01,8041d5cb735c0966ecac107dd29fab48e88d8bf87c1e7561f5285d49712ed5fa,1
https://budget.sfsu.edu/sites/default/files/documents/Budget_Town_Hall_2019-Handout.pdf,https://budget.sfsu.edu/budget-1o1-additional-resources,2024-03-05 02:07:03,3e3f82293a5ea6625d4f9a6393d14ab40bf76b2ef08f07082247ef6d59ca7906,1
https://budget.sfsu.edu/sites/default/files/documents/Town_Hall_Budget_Meetings-October_2018-FINAL_FOR_WEBSITE.pdf,https://budget.sfsu.edu/budget-1o1-additional-resources,2024-03-05 02:07:07,47ab159bd4c5cab91a0dcc4db078af4511ee5d632628ef036bdbba87ad09531e,1
https://budget.sfsu.edu/sites/default/files/documents/UBC%20Presentation%202.1.18_0.pdf,https://budget.sfsu.edu/budget-1o1-additional-resources,2024-03-05 02:07:11,c6bf6dc493006eb387cbe73108fbc1fd6e1060b99a26a8e4dcc1885e9117e3bd,1
https://budget.sfsu.edu/sites/default/files/documents/Budget%20Presentation-%20SFSU%2017-18%20Budget%20UBC_Sept%2012.pdf,https://budget.sfsu.edu/budget-1o1-additional-resources,2024-03-05 02:07:14,d37333b0ee3d243f153142096c9b7ffc38bf99dd19ff9a113b80dd155a9f8def,1
https://cinema.sfsu.edu/sites/default/files/documents/cine-SETE.pdf,https://cinema.sfsu.edu/shared-governance,2024-03-05 02:21:43,3bf2b30957ccb3a7fe6622e91396d99cd62905ff2ca47cc58d7c805d80058f74,1
https://cinema.sfsu.edu/archive/sites/default/files/documents/valediction-link.pdf,https://cinema.sfsu.edu/archive/events/2020/05/29/930-cinema-valediction-ceremony.html,2024-03-05 02:22:02,42c343750df3827ec5ddf4d37341a3ee89f2909f1c2773e6c6e7ed2e991f9d82,1
https://classics.sfsu.edu/archive/sites/default/files/SocratesNow.pdf,https://classics.sfsu.edu/archive/events/25093-socrates-now.html,2024-03-05 02:24:38,2ae83c62f1de60aa520287f28eb2cfb36d5d432e15e82a8ecb3dfc8cea0590d6,1
https://cob.sfsu.edu/sites/default/files/documents/Entrepreneurship-Symposium_Program_6-4-2020.pdf,https://cob.sfsu.edu/initiatives-centers/entrepreneurship-symposium/archive/2020,2024-03-05 02:30:17,3771e0e8a02304183503d4714471ae5e675560d38449ffef37292435f62c1256,1
https://gallery.sfsu.edu/archive/sites/default/files/documents/MFA_CoverSheet10_ReducedFile.pdf,https://gallery.sfsu.edu/archive/events/2020/06/18/923-sfsu-school-arts-2020-master-fine-art-thesis-exhibition-online-now.html,2024-03-05 03:52:51,a17db0b64828de398de110feb7ad45eee07a796fddf8f19d7a9034845fdfb9f1,1
https://gallery.sfsu.edu/archive/sites/default/files/documents/MFA_ARKeiner11_ReducedFile.pdf,https://gallery.sfsu.edu/archive/events/2020/06/18/923-sfsu-school-arts-2020-master-fine-art-thesis-exhibition-online-now.html,2024-03-05 03:52:53,c8f89337825045d4844d8e7f98d9c8a69f64bd1c7547ea6356ab9455f8e2c91f,1
https://gallery.sfsu.edu/archive/sites/default/files/documents/SFSU_MFA20_CalumCraik_ReducedSize.pdf,https://gallery.sfsu.edu/archive/events/2020/06/18/923-sfsu-school-arts-2020-master-fine-art-thesis-exhibition-online-now.html,2024-03-05 03:52:55,16959054be3a8ace0cb4e9f5f39e9ca35477778fa6ef77d09963b6f0184d5819,1
https://gallery.sfsu.edu/archive/sites/default/files/documents/MFA_NathanKosta11_ReducedFile.pdf,https://gallery.sfsu.edu/archive/events/2020/06/18/923-sfsu-school-arts-2020-master-fine-art-thesis-exhibition-online-now.html,2024-03-05 03:52:59,4ffeb2d8262575671aff99d70ffa8de27602788bf40eef959490cab8d0977ad1,1
https://gallery.sfsu.edu/archive/sites/default/files/documents/MFA_CoverSheet10_ReducedFile.pdf,https://gallery.sfsu.edu/archive/news-announce/sfsu-school-arts-2020-master-fine-art-thesis-exhibition-online-now.html,2024-03-05 03:53:01,a17db0b64828de398de110feb7ad45eee07a796fddf8f19d7a9034845fdfb9f1,1
https://gallery.sfsu.edu/archive/sites/default/files/documents/MFA_ARKeiner11_ReducedFile.pdf,https://gallery.sfsu.edu/archive/news-announce/sfsu-school-arts-2020-master-fine-art-thesis-exhibition-online-now.html,2024-03-05 03:53:04,c8f89337825045d4844d8e7f98d9c8a69f64bd1c7547ea6356ab9455f8e2c91f,1
https://gallery.sfsu.edu/archive/sites/default/files/documents/SFSU_MFA20_CalumCraik_ReducedSize.pdf,https://gallery.sfsu.edu/archive/news-announce/sfsu-school-arts-2020-master-fine-art-thesis-exhibition-online-now.html,2024-03-05 03:53:05,16959054be3a8ace0cb4e9f5f39e9ca35477778fa6ef77d09963b6f0184d5819,1
https://gallery.sfsu.edu/archive/sites/default/files/documents/MFA_NathanKosta11_ReducedFile.pdf,https://gallery.sfsu.edu/archive/news-announce/sfsu-school-arts-2020-master-fine-art-thesis-exhibition-online-now.html,2024-03-05 03:53:08,4ffeb2d8262575671aff99d70ffa8de27602788bf40eef959490cab8d0977ad1,1
https://gallery.sfsu.edu/archive/sites/default/files/documents/SFSU_2021_MFA_In_Art.pdf,https://gallery.sfsu.edu/archive/events/2021/04/24/944-sf-state-school-arts-2021-master-fine-art-thesis-exhibition-presented-online.html,2024-03-05 03:53:46,6b93feee1926fcd528e5f21b6fecbdf8ff5e57c2ca5a7d237ae6a518fdd41192,1
https://history.sfsu.edu/archive/sites/default/files/program.pdf,https://history.sfsu.edu/archive/hsaconf.html,2024-03-05 04:17:24,4a02c0a6a52a8ed156b311c173f131ad840902e45045b9e84e7e798fe9856e56,1
https://history.sfsu.edu/archive/sites/default/files/documents/HistoryWalkThisWay.pdf,https://history.sfsu.edu/archive/news-announce/congratulations-our-class-2020-graduates.html,2024-03-05 04:17:30,6158ba1174ceb10c7f09a7fe169bcddd3cd3d7b76f3aa32ba04ad080fe3b9454,1
https://jewish.sfsu.edu/archive/sites/default/files/documents/Millet.pdf,https://jewish.sfsu.edu/archive/people/faculty/kitty-millet.html,2024-03-05 19:16:00,fb9f7adabb1b401cd5f8795be0f617a1a33ff74404ac3fbbfda668b72d047fe4,1
https://jewish.sfsu.edu/archive/sites/default/files/people/cv/GrossCV6_9_20.pdf,https://jewish.sfsu.edu/archive/people/faculty/rachel-gross.html,2024-03-05 19:16:04,07ba921d4f6289393296ff7c074a7f58c6f9b591e9c6de2a9bf1e1506913680d,1
https://jewish.sfsu.edu/archive/sites/default/files/people/cv/GrossCV6_9_20.pdf,https://jewish.sfsu.edu/archive/file/grosscv6920pdf.html,2024-03-05 19:16:07,07ba921d4f6289393296ff7c074a7f58c6f9b591e9c6de2a9bf1e1506913680d,1
https://journalism.sfsu.edu/archive/sites/default/files/documents/Calvert_Poster.pdf,https://journalism.sfsu.edu/archive/events/2019/04/29/1338-sf-state-alumni-hall-fame-inductee-and-2018-guggenheim-photojournalism-fellow.html,2024-03-05 19:16:17,ae9357b0fb22d544712881c07ba802a7f5a9e7e490db69b40a0de5b4ec421b60,1
https://journalism.sfsu.edu/archive/sites/default/files/documents/Christian_Poster_mobile.pdf,https://journalism.sfsu.edu/archive/events/2019/09/24/1356-brown-bag-lunch-jessica-christian-sf-chronicle-photographer.html,2024-03-05 19:16:19,af249af38282dfd360f43295c7306930e60180c1c5321fdf78a26ebcf6129020,1
https://journalism.sfsu.edu/archive/sites/default/files/documents/LizaRamrayka.pdf,https://journalism.sfsu.edu/archive/events/2019/09/25/1354-liza-ramrayka-solutions-journalism.html,2024-03-05 19:16:21,a143449939a3581b286021a0a970278374437350bea1889d3bbd0de30dbb957e,1
https://journalism.sfsu.edu/archive/sites/default/files/documents/RebeccaSmithHurdSunset.pdf,https://journalism.sfsu.edu/archive/events/2019/09/26/1353-rebecca-smith-hurd-freelance-editor.html,2024-03-05 19:16:23,bc0ad4c10b12ddddc9b888cdb1849a107d37f24f8fb9045cece5b2ed033685c4,1
https://longmoreinstitute.sfsu.edu/archive/sites/default/files/patient-no-more/DisabilityandMusic_Nov14.pdf,https://longmoreinstitute.sfsu.edu/archive/events/2012/12/14/1102-disability-rocks-disability-music-longmore-institute.html,2024-03-05 19:20:02,1faed22dd7ed966055ff9c41051c6ded10a5ac3c9c295daefbd4b89115c170eb,1
https://longmoreinstitute.sfsu.edu/archive/sites/default/files/patient-no-more/images/March11_2014.pdf,https://longmoreinstitute.sfsu.edu/archive/events/2014/03/11/1144-annual-longmore-lecture-disability-studies-alison-kafer.html,2024-03-05 19:20:12,10ac7f8c3c036104505440002417fb0b2214ef9251f36a998ba852986da1fef3,1
https://longmoreinstitute.sfsu.edu/archive/sites/default/files/patient-no-more/Patient_No_more_Program_FNL_07.21.15-2.pdf,https://longmoreinstitute.sfsu.edu/archive/events/2015/07/26/1137-launch-patient-no-more.html,2024-03-05 19:20:15,d0d7b27bfacf6552afcf629325e53c8671b9dc6f7e326c8a0a9f9003a8f634ce,1
https://magazine.sfsu.edu/archive/sites/default/files/assets/archive/fall_15/First-Chapter.pdf,https://magazine.sfsu.edu/archive/archive/fall_15/valley-of-death.html,2024-03-05 19:20:35,cef148d0559129ef474450023fc0027fae44feaf57a1dd708338fa63cec71ca6,1
https://news.sfsu.edu/archive/sites/default/files/assets/announcements/CSU_Commitment-to-Inclusive-Excellence-1-29-18.pdf,https://news.sfsu.edu/archive/announcements/chancellor-white-memo-csu-commitment-inclusive-excellence.html,2024-03-05 19:23:25,40ae04e833c7aa083cdf40b7a59432b4f168a6d63e902d643f1561763731f5cb,1
https://nursing.sfsu.edu/archive/sites/default/files/England_flyer.pdf,https://nursing.sfsu.edu/archive/news-announce/nursing-trip-uk-january-2014.html,2024-03-05 19:23:39,663c7b8cc7b31cecdbb7f418a7cb33d4b9c338ceae49ffe779d7bc6b8aec2c64,1
https://politicalscience.sfsu.edu/archive/sites/default/files/LawSchoolWorkshopslides.pdf,https://politicalscience.sfsu.edu/archive/events/2019/03/12/1031-plsi-dept-workshop-series-2-law-school-what-it-takes-and-how-get-there.html,2024-03-05 22:45:00,6b9dcbb7ca097a8039f5415de3679dbe0d82ecc9088d53e5504fa7c427977f65,1
https://sfsu.app.box.com/s/0ao979a37ns3kdxexziu2ccl43xzb8zm,https://senate.sfsu.edu/meeting-minutes-archive/october-5-2021,2024-03-05 23:06:16,0fc886a781fdaeec1a7daeaa46c7477e52ff6fe57de461a5d87528a6d12157fd,1
https://sfsu.app.box.com/s/s0gf2d4z9xmrz9ihbp39yngeael2hq2g,https://senate.sfsu.edu/meeting-minutes-archive/october-19-2021,2024-03-05 23:06:21,55121c1ced0816b7ae96e051bf8e2bd9c70e1e99133347fef07a08fcd364326e,1
https://sfsu.app.box.com/s/68ojszi2wt8lr4kbnpg6ak9ctd14jqyt,https://senate.sfsu.edu/meeting-minutes-archive/november-16-2021,2024-03-05 23:06:27,64beee2accd759fcf1db834a6e2f88547e489d4e167be1df0d83e2d411518945,1
https://sfsu.app.box.com/s/ihlltffpmy5pnc4zgzc65ffj81z0wdde,https://senate.sfsu.edu/meeting-minutes-archive/february-1-2022,2024-03-05 23:06:33,a521d59582c836d7ec3a7519584810e430e3a6558bac7c0d922c2dfed77f5c4e,1
https://sfsu.app.box.com/s/vnl3dh5xbbobu2mb7nom6q24ypnhbpip,https://senate.sfsu.edu/meeting-minutes-archive/february-15-2022,2024-03-05 23:06:41,437230f633a00a9edf100a5184738c56f2517f4a183d0eea2d2505bed16256db,1
https://sfsu.app.box.com/s/0wysfzf5z2tlldrcq3e9y2rquw6mjrhh,https://senate.sfsu.edu/meeting-minutes-archive/march-1-2022,2024-03-05 23:06:54,5d3cd1371bf9416c54a25af4d2d7dddb338061f4ba14402df03c8420ae641d34,1
https://sfsu.app.box.com/s/6jnriv6cp5pryi589eslijz9y4x8b9dw,https://senate.sfsu.edu/meeting-minutes-archive/march-15-2022,2024-03-05 23:07:06,fd6437aea93e136023f2582b6682eb4fd3ce505a61b63285f9037d0388578cb9,1
https://sfsu.app.box.com/s/m1wo2xk6i2a2uy5qtb8m4e2l9446911d,https://senate.sfsu.edu/meeting-minutes-archive/april-5-2022,2024-03-05 23:07:12,c7e33374771cdf4a76a08048606612dc5aeafd7c9a4e5b2d1cbccb825d75fc40,1
https://sfsu.app.box.com/s/zq31r6d651w1f374gsf98lafdt2wjm0w,https://senate.sfsu.edu/meeting-minutes-archive/may-3-2022,2024-03-05 23:07:20,f03a83e12f588a04182163096f410cb0b64233f00114dfcc7752c0fc9605c98c,1
https://sfsu.app.box.com/s/kw7xki8owuefmc23iqzlvlwbw2d9o94p,https://senate.sfsu.edu/meeting-minutes-archive/may-3-2022,2024-03-05 23:08:23,704dcbf487b459a4e6a31ee5de11ef6ac9137ed5869e42eda663f9116fd4f4fa,1
https://sfsu.app.box.com/s/7lurjmrqs12snrdic8csklti0qcdjh1f,https://senate.sfsu.edu/meeting-minutes-archive/may-3-2022,2024-03-05 23:08:28,ac828cfeee1170c24b2c6333e33a589b8183cef8ad549edae4f832bdc98d7624,1
https://sfsu.app.box.com/s/ntbmm8ut6jb66kpjxve34xur7ed56l96,https://senate.sfsu.edu/meeting-minutes-archive/may-3-2022,2024-03-05 23:08:34,d7f9737fd0f4a5741e7db6b1a92f190e14e878f147fd864b24c30c78fbe47e73,1
https://sfsu.app.box.com/s/1v726yw9uwomkuc5788q0eduemjyuiiz,https://senate.sfsu.edu/meeting-minutes-archive/may-3-2022,2024-03-05 23:08:39,13d9d3d40ced56b7df56b27f359e86f85b9a385b1698f83fefce15a0f5f87cfc,1
https://sfsu.app.box.com/s/ith3omlx7rhsixjmle5gtdso563a2ain,https://senate.sfsu.edu/meeting-minutes-archive/may-3-2022,2024-03-05 23:08:45,2260108e55d7ddf39110829668ad0a20526d91236f88f279b51f33848872cf26,1
https://sfsu.app.box.com/s/7iajhm1mxx4wc7wueleabv0cd0zjxpmd,https://senate.sfsu.edu/meeting-minutes-archive/april-192022,2024-03-05 23:08:51,c9176ab7b885494dbedecbe81abba5649c7e99af2a1c499f654f4f0f860700ff,1
https://sfsu.app.box.com/s/ia9r99kljumb1rh0olo8dls71202gjs1,https://senate.sfsu.edu/meeting-minutes-archive/april-192022,2024-03-05 23:08:56,4fd94953f26ded55c636ee94112f848cf8073372276ccd142aa78c81160e9ef2,1
https://sfsu.app.box.com/s/f8423kpmp8edx7vefsnqyxdx56090052,https://senate.sfsu.edu/meeting-minutes-archive/april-192022,2024-03-05 23:09:02,ab5b6aa6b60abc25f96252ab602444d0d27a21a2a1c4627cad938f4449475b91,1
https://sfsu.app.box.com/s/2si21o1q2ezklzzx4t3ac7lsk2x73vbl,https://senate.sfsu.edu/meeting-minutes-archive/april-192022,2024-03-05 23:09:12,e29b05314838ebdeded1ccdcd60e9ac3be42607bf8664534d362e99306f7471d,1
https://sfsu.app.box.com/s/jpdboo02fh3wmwmumxtb1au1numinkyj,https://senate.sfsu.edu/meeting-minutes-archive/april-192022,2024-03-05 23:09:23,5ed17224fd3d2319a656eb231893cf32f4d758bee8cf1c03eb9e2a04a43a4b60,1
https://sfsu.app.box.com/s/84vhqvsoxdbj1r0kpmjk7tm5q90bf6in,https://senate.sfsu.edu/meeting-minutes-archive/april-192022,2024-03-05 23:09:30,aff41450c79339b52ae249da490158c719d1b78a853c4d0e5d837f7725bde4a2,1
https://sfsu.app.box.com/s/3n5eswxxxun9ef3wirpd143pcawt9ijp,https://senate.sfsu.edu/meeting-minutes-archive/april-192022,2024-03-05 23:09:39,48a7b2fda814b25bcfa07aa7a9f28f4a19135b5a553c61fbd04d4e0ed79b331d,1
https://sfsu.app.box.com/s/ewycn8ifc8rc9t95rq16ksmq9he1ohpp,https://senate.sfsu.edu/meeting-minutes-archive/april-192022,2024-03-05 23:09:46,dc5beb0fdc390b3ebd8056acc2f1277c80f3c227810bbe14c7caa3122a62e574,1
https://sfsu.app.box.com/s/h1gwlj9muzawkwppjew0w07fk2cp8t5s,https://senate.sfsu.edu/meeting-minutes-archive/april-192022,2024-03-05 23:09:52,8c58ffbd189fb2685bb2981cc81a0426e862c355cd4e88fbdc4ae5d65afee55c,1
https://sfsu.app.box.com/s/1ru9uror4u0yvknhurj6ui91nimbr7ys,https://senate.sfsu.edu/meeting-minutes-archive/april-5-2022,2024-03-05 23:10:01,925346dfff2c8c6fb752485f45fda7fa78c33faf936641c9c2ad6e723b597647,1
https://sfsu.app.box.com/s/k919gqqauyzfz29g1dtxtdhh4j8i9a07,https://senate.sfsu.edu/meeting-minutes-archive/april-5-2022,2024-03-05 23:10:06,4910a4411a22b0329896642eb6af6ef1a949b246575a55962ed312d99a48a5fc,1
https://sfsu.app.box.com/s/o07bgrh0c29uliz06g3se2ijdx1ur4mm,https://senate.sfsu.edu/meeting-minutes-archive/april-5-2022,2024-03-05 23:10:12,c68513b17f560448d365ea1fe149971ae4e86b940a87296f373044a1f6874e33,1
https://sfsu.app.box.com/s/bq41brfk7qrddm77wk6f17cwljhyz59h,https://senate.sfsu.edu/meeting-minutes-archive/april-5-2022,2024-03-05 23:10:19,f62b977725bc34a369d3abbde04db71cf65d48f5710385b011efa3d9dd984bb1,1
https://sfsu.app.box.com/s/53zqlsz8ao1c0e0n3zcjjf6kypwrf4bt,https://senate.sfsu.edu/meeting-minutes-archive/april-5-2022,2024-03-05 23:10:32,eb289437218b23a400885fc261dc409b9888ae433a58e30380482175b11be0e6,1
https://sfsu.app.box.com/s/pmrqknrbkx9w3jxqp01ofgc8bs4akdlm,https://senate.sfsu.edu/meeting-minutes-archive/april-5-2022,2024-03-05 23:10:42,b6b5f277b4127668fc559e8c007a2e5ae9bf6a7caaa417441403e5c6b9a74b02,1
https://sfsu.app.box.com/s/qqjm1l26ef5fpabrussq7zzbqymmhcw2,https://senate.sfsu.edu/meeting-minutes-archive/april-5-2022,2024-03-05 23:10:54,83ee7545df424e4dc758e9fd56cef418a74bb87a851345281cfee6bc42153946,1
https://sfsu.app.box.com/s/yuaxrom9jq9ggls6jn230c60nbk5qdte,https://senate.sfsu.edu/meeting-minutes-archive/april-5-2022,2024-03-05 23:11:04,80609fe7f9fe9a592d9d8aabcc050d61185f751a8396d916d8e2195abe0ee596,1
https://sfsu.app.box.com/s/8do1n46pphty5p9sf7gbjyc5i9ed1pog,https://senate.sfsu.edu/meeting-minutes-archive/april-5-2022,2024-03-05 23:11:17,3fad7720d25d7e22e9fb42cbe68f64cb8a5afaaef6ffb03db6226f19ebdf67eb,1
https://sfsu.app.box.com/s/hlj00vp6yl0q5omuwa1ehyk9t36livs5,https://senate.sfsu.edu/meeting-minutes-archive/april-5-2022,2024-03-05 23:11:29,dc2f10f09edb4266849f5d2de5bcf2fac8183f1025f8f13018f7acb7d0aa81d1,1
https://sfsu.app.box.com/s/6yhkez8n4c8w7as8b5i8bh3pvknvnhh2,https://senate.sfsu.edu/meeting-minutes-archive/april-5-2022,2024-03-05 23:11:39,0280ba42ba8f38f06a9692efcf928a488123c8ed64f79b0dfe99f94642ddf312,1
https://sfsu.app.box.com/s/evnc8yt698tezuwl0skvo4skr5ppm132,https://senate.sfsu.edu/meeting-minutes-archive/april-5-2022,2024-03-05 23:11:46,88a050704557f6a3e5ec3229f69f44a32ebc1cbf91cb63c62ee6510c99aca4dc,1
https://sfsu.app.box.com/s/75j9g5sskgabq7ddcz2t6l4zjw919vow,https://senate.sfsu.edu/meeting-minutes-archive/march-15-2022,2024-03-05 23:11:56,50eaae2c65d7ed6754290eaa1ab45d8f3153c536691ad6e19b25d943931b6c83,1
https://sfsu.app.box.com/s/9dvzds4pneaesvfdct8ncia3oskz4cnk,https://senate.sfsu.edu/meeting-minutes-archive/march-15-2022,2024-03-05 23:12:08,1d12d506d99ec66865c51fb1e75fbfd588d958853d8b9936f2b355f6d4398c43,1
https://sfsu.app.box.com/s/zvxfmuucn5gsol05i0xh6kervefibwzw,https://senate.sfsu.edu/meeting-minutes-archive/march-15-2022,2024-03-05 23:12:20,a9fad03066cc7ba85dd5783b9aab834d808c7f44d26ad3b5d092b9ad60ba832b,1
https://sfsu.app.box.com/s/hb5st29e4zrqfuin8pkmochj2o3oj3na,https://senate.sfsu.edu/meeting-minutes-archive/march-15-2022,2024-03-05 23:12:30,d28520301888d487671359eecd407efaf7adf6f0b9404399a32d0361b0112ff5,1
https://sfsu.app.box.com/s/hgp1b7uim8x75ctebzatnxoum5o15cqs,https://senate.sfsu.edu/meeting-minutes-archive/march-15-2022,2024-03-05 23:12:37,5709ae2d3fcdb677ea3440525c3d8d4746bf4f032f6c718ddb650fd80200982b,1
https://sfsu.app.box.com/s/3v5yzjsxku5fulluc5eujetzis74t9lh,https://senate.sfsu.edu/meeting-minutes-archive/march-15-2022,2024-03-05 23:12:43,a38a13bf4c33a4afcd776a727090a70a47fe84a60100e073f8f38f322b46070f,1
https://sfsu.app.box.com/s/1c3z86isa8wzy3xhe1ylahf85npip4iq,https://senate.sfsu.edu/meeting-minutes-archive/march-15-2022,2024-03-05 23:12:49,828880a324149f0f7c6916023b8d8ea2d8ea9d9d0a4f0b26e381cbb5026f7a43,1
https://sfsu.app.box.com/s/rmhe3xbsu7hp4s4nukwn2c5vtw5k6ob9,https://senate.sfsu.edu/meeting-minutes-archive/march-1-2022,2024-03-05 23:12:59,c39143dc8b50c51c79bde81de52604083244324a17dd75a4619604566d0e39c9,1
https://sfsu.app.box.com/s/qh5be0lgpgxzdh83gl9q5ev1i4ptk8hj,https://senate.sfsu.edu/meeting-minutes-archive/march-1-2022,2024-03-05 23:13:07,5709ae2d3fcdb677ea3440525c3d8d4746bf4f032f6c718ddb650fd80200982b,1
https://sfsu.app.box.com/s/m3j55ovnmwozqh2ofa1ea1lvc1008mhe,https://senate.sfsu.edu/meeting-minutes-archive/march-1-2022,2024-03-05 23:13:15,437230f633a00a9edf100a5184738c56f2517f4a183d0eea2d2505bed16256db,1
https://sfsu.app.box.com/s/iz3f0ytav1vgegmtf5pb3oatz6qm1h07,https://senate.sfsu.edu/meeting-minutes-archive/march-1-2022,2024-03-05 23:13:20,e446b33a9cdbddbcb203738a099d5b83d23987e31d1e6e0552e2977bd90962fb,1
https://sfsu.app.box.com/s/hn45mmqx0kngrr14uq982zhm4up1cujy,https://senate.sfsu.edu/meeting-minutes-archive/march-1-2022,2024-03-05 23:13:26,f25d831bf775d0075d85532241e3242f997b78d4043c821d4d3af7194b619951,1
https://sfsu.app.box.com/s/b1zpk7t0c6tw4wp9rmzn9rfpcsm9ooi1,https://senate.sfsu.edu/meeting-minutes-archive/march-1-2022,2024-03-05 23:13:33,fda92a78977fdea2e58ebaefd80d0053faff7a47af798c0c59521cb2a3f72b8b,1
https://sfsu.app.box.com/s/y9xti0nhnkkxxj47sgeq02irwyt7yx60,https://senate.sfsu.edu/meeting-minutes-archive/february-15-2022,2024-03-05 23:13:38,e446b33a9cdbddbcb203738a099d5b83d23987e31d1e6e0552e2977bd90962fb,1
https://sfsu.app.box.com/s/mbpqile8w5a3n6aoo9xp5eu9dgqm91ws,https://senate.sfsu.edu/meeting-minutes-archive/february-15-2022,2024-03-05 23:13:43,f25d831bf775d0075d85532241e3242f997b78d4043c821d4d3af7194b619951,1
https://sfsu.app.box.com/s/18zx8ysmzxwe1tycsxvu0xutyalgnt57,https://senate.sfsu.edu/meeting-minutes-archive/february-15-2022,2024-03-05 23:13:50,4d9a1393501bb8483b904efd6685876baff58c2eed5179cbe8084c60bf7781bb,1
https://sfsu.app.box.com/s/sce7jhyttvlgb7h33wpu0ujejkrdnki4,https://senate.sfsu.edu/meeting-minutes-archive/february-15-2022,2024-03-05 23:13:56,780fb1bb819856333984fa54c6cfcf316f66eb31088e28d92a8da5f77d29ccce,1
https://sfsu.app.box.com/s/5ztkrw8nm9b0qriaid2st0ft25rvo698,https://senate.sfsu.edu/meeting-minutes-archive/february-15-2022,2024-03-05 23:14:01,262e129c35d1893da5ec49e64d9e3242a71341c93b01e9e7fc812977bfd38000,1
https://sfsu.app.box.com/s/o1bemtjqkfxu26bjtooh9l4endvkw3sz,https://senate.sfsu.edu/meeting-minutes-archive/february-15-2022,2024-03-05 23:14:06,0d3e4f0f0e3e1cf7f0d787d47f8b7b328dd84bd2a257acc3078c9202dd4cf20c,1
https://sfsu.app.box.com/s/w0b1l1ufdaava6doutv3370yzswtba1d,https://senate.sfsu.edu/meeting-minutes-archive/february-1-2022,2024-03-05 23:14:11,616badddb045bff01b198594838997d2debb22779617654cfb6a0c3d4e7211ad,1
https://sfsu.app.box.com/s/ncbhtrvo9yz20xt4mvmjsuzjcp2m95gb,https://senate.sfsu.edu/meeting-minutes-archive/february-1-2022,2024-03-05 23:14:16,8da0b0ca9953a7c7f3e9c13271e1d446ccbca72d46de41b7fdd33577c969c5fd,1
https://sfsu.app.box.com/s/w1uij1chsjmfp5u6cmfwdxowk4ige5a1,https://senate.sfsu.edu/meeting-minutes-archive/february-1-2022,2024-03-05 23:14:22,36ac8c52a12c5025ba02111ae6f49b255f216a129a635e2eab6423a8a4260226,1
https://sfsu.app.box.com/s/ck22nz13zmknu8ykli085wvdq9qojvv2,https://senate.sfsu.edu/meeting-minutes-archive/february-1-2022,2024-03-05 23:14:28,38c9b8028a38cacced056c0727d17edea962a2274d29d1563d8e599b957538a3,1
https://sfsu.app.box.com/s/g06ya9reagxfu47ehqy17spju3wfffvm,https://senate.sfsu.edu/meeting-minutes-archive/february-1-2022,2024-03-05 23:14:33,891a957b4ab9bc7acb3ad78bcbbacf238155b342add992c97d750621d14a1510,1
https://sfsu.app.box.com/s/zjga33t9jpufcy64k7euj3mt29euxucq,https://senate.sfsu.edu/meeting-minutes-archive/february-1-2022,2024-03-05 23:14:39,045a730ebf727b0595fc1b7eaa112bfec454cd9d7cfb6acdef977bdbdc0295ca,1
https://sfsu.app.box.com/s/ih171ihm8s4b4xu6ljo5ppm4gad003j2,https://senate.sfsu.edu/meeting-minutes-archive/february-1-2022,2024-03-05 23:14:46,52a11a439ee7e1b668e8b64dec8705a2e7c1ce5bed5da33019139fad9440252a,1
https://sfsu.app.box.com/s/bxyw03nm22yxjkcyjmk4su9l4paxyidx,https://senate.sfsu.edu/meeting-minutes-archive/february-1-2022,2024-03-05 23:14:59,1e701b8212a80b54d62e4bff3bd7cb8cbfc52fcd7da7aa1a5c06575ba7d3de59,1
https://sfsu.app.box.com/s/8pc1b25j263ya7ww2erf6jxoh907jxzw,https://senate.sfsu.edu/meeting-minutes-archive/february-1-2022,2024-03-05 23:15:04,163bc8d427e8328b4ee4fc542906534f8928363057f2a8e118a19f023b860996,1
https://sfsu.app.box.com/s/p7pd8n3pj9wjngxgtg8prsr4znxx3uxg,https://senate.sfsu.edu/meeting-minutes-archive/december-7-2021,2024-03-05 23:15:11,ac3fe242088879aae2039e4e9596f883ad436f3e49e6c8673c110ae349b8e5e9,1
https://sfsu.app.box.com/s/ulp0c06w1xhvptve2wgk8u3fqth0s02b,https://senate.sfsu.edu/meeting-minutes-archive/december-7-2021,2024-03-05 23:15:24,16611c427c5a2b890975c93fc890cc9db6acd678b20e5f94a98ed39c35ecc90a,1
https://sfsu.app.box.com/s/8zjs6jmld799bfqeqzjj6jm5jxieyint,https://senate.sfsu.edu/meeting-minutes-archive/december-7-2021,2024-03-05 23:15:29,28c3bc012dc92a425babccb9c9bc2627477428116bd1b11f0164935ff77fd0a4,1
https://sfsu.app.box.com/s/24dg36jqev6n6dnjta9nxrnlun958671,https://senate.sfsu.edu/meeting-minutes-archive/december-7-2021,2024-03-05 23:15:34,cc5cb22177e9d6e05a6ce7f9b1479b28bfcadf3ad6bac6305258f371d19ae9ea,1
https://sfsu.app.box.com/s/arjicc782tv90qlpxvfm7q1nv3bff784,https://senate.sfsu.edu/meeting-minutes-archive/december-7-2021,2024-03-05 23:15:40,6bb3d1d7033f610787d3294fdf118d8f1cf06e4937f37115e1eb4f7e1ad1d0dd,1
https://sfsu.app.box.com/s/m0nyu7oa3fmdg1q77yk5lt723prjkjua,https://senate.sfsu.edu/meeting-minutes-archive/november-16-2021,2024-03-05 23:15:45,7220442e052a45ae623094b6eb98dc03c4ce7a72378c0c04ee99904d8f106421,1
https://sfsu.app.box.com/s/gbx4d9wr2vyvrd2p3zrwy6lqflct8hnx,https://senate.sfsu.edu/meeting-minutes-archive/november-16-2021,2024-03-05 23:15:51,1aa61a6c20ffc1e1416ced1fc432af3447d61ff27cdbb919873b005f09647ba7,1
https://sfsu.app.box.com/s/mnsrt83h57qgtuikossppc94rohec1te,https://senate.sfsu.edu/meeting-minutes-archive/november-16-2021,2024-03-05 23:15:56,6027a1d6a6a6fd8f8cd8c823a12a799e3bf9ca6592f2ed33c4e6163c6f12f4e2,1
https://sfsu.app.box.com/s/2diwev8vyqe9gl7q66qrowgo74fqmh8f,https://senate.sfsu.edu/meeting-minutes-archive/november-16-2021,2024-03-05 23:16:01,6c7bf8ffb1268ef96997747cf3992b2e7e153ba23bdf947b86db59b85d6871a6,1
https://sfsu.app.box.com/s/brv87obdo84o5jjzkb4w446gcat5pd1v,https://senate.sfsu.edu/meeting-minutes-archive/november-2-2021,2024-03-05 23:16:07,90c23cd54dc62e9b8af0f838c3aef4abb9a8c4d3047a4998d03d965ac0b37465,1
https://sfsu.app.box.com/s/5wxzv6b9sjgaj0vl7txzp2sq3po0tx9h,https://senate.sfsu.edu/meeting-minutes-archive/november-2-2021,2024-03-05 23:16:12,c02316a50f921208901bc54fa024e75e618e0d3a210adea330ebef103fae0972,1
https://sfsu.app.box.com/s/lbrte8yf0yxd4s5nn7gadmdmrwgtje05,https://senate.sfsu.edu/meeting-minutes-archive/november-2-2021,2024-03-05 23:16:22,4b0f999b6005f63285cfe4131825b553b36c82e860fec3e854ff466015c347e3,1
https://sfsu.app.box.com/s/dldd06vivoncftbq8eaatl7jvx9o7wqs,https://senate.sfsu.edu/meeting-minutes-archive/october-19-2021,2024-03-05 23:16:27,90c23cd54dc62e9b8af0f838c3aef4abb9a8c4d3047a4998d03d965ac0b37465,1
https://sfsu.app.box.com/s/2iyf331sumtek9teohbw9icg56mml6em,https://senate.sfsu.edu/meeting-minutes-archive/october-19-2021,2024-03-05 23:16:32,f239031b32f8fc4bbea844d3dcb3d39bf2f18ad86fbe8e150fd730329bb8f985,1
https://sfsu.app.box.com/s/77hqc57tktfvo0q5a0pdkkvw15xgui0h,https://senate.sfsu.edu/meeting-minutes-archive/october-19-2021,2024-03-05 23:16:37,8658439c1981799307acb297a54d408bcb4ed3beb3d020fe78d53635627f8860,1
https://sfsu.app.box.com/s/umxsb8dau8k4pnwk0e8seivrttnbw314,https://senate.sfsu.edu/meeting-minutes-archive/october-19-2021,2024-03-05 23:16:43,9700cd8c9e450a20b24d4be9d4134f583bb3e4ad4a463ae3769ab1eff0a8d0d5,1
https://sfsu.app.box.com/s/ibsq887qc6wwvlpj99pzq2f6ieodleyk,https://senate.sfsu.edu/meeting-minutes-archive/october-19-2021,2024-03-05 23:16:47,180fb31b34ce40e09c194f94edcf780bc8a74ebf0468dbb4642dcd07e9f4a76f,1
https://sfsu.app.box.com/s/41rxo4qiwbi0tx2cucx217uzkveuc9zn,https://senate.sfsu.edu/meeting-minutes-archive/october-5-2021,2024-03-05 23:16:59,0d0ee16977a1fbdbb4c7976e48e2245100f643f54fb3c005607f574dc0afafc2,1
https://sfsu.app.box.com/s/0k16kg1ofd741nq2xgzxyu9ws2soufc1,https://senate.sfsu.edu/meeting-minutes-archive/october-5-2021,2024-03-05 23:17:09,77930372aeccab0bb2953ff2004257f7276868a77fdbf7e04cf4233a579e5ed4,1
https://sfsuais.sfsu.edu/sites/default/files/documents/Suspension-Boards-Final.pdf,https://sfsuais.sfsu.edu/news2,2024-03-05 23:45:02,244e5ac03860e1635a339b3ba4006230495e28ea4791b079a3647a2671568b3a,1
https://sfsuais.sfsu.edu/sites/default/files/documents/ARCHIVE%20SKINS%20POW%20WOW%20032694.pdf,https://sfsuais.sfsu.edu/news2,2024-03-05 23:45:05,e6ab703852e98a90bd2b6f5b204ea75e9e9d314ca7e2d9e02654075808662711,1
https://sfsu.app.box.com/s/1ke7wihv169shme9gl3aofn1bzqyeqb7,https://ueap.sfsu.edu/accreditation/wasc,2024-03-06 00:58:00,9b089c791e84985dfc3d68c30dba8c0ec448f58e08abac5098ee28a4b80b725f,1
https://sfsu.app.box.com/s/x8nu9o555sjjca9dk7ekxsluinnpqr8i,https://ueap.sfsu.edu/accreditation/wasc,2024-03-06 00:58:10,bf06061b095e8ed8325bfe73e5bba0e7152a50e192ebfcab01e5cd8fdadc9bfb,1
https://sfsu.app.box.com/s/zyilit33vtkpz3s27v5hbzykokzngs5i,https://ueap.sfsu.edu/accreditation/wasc,2024-03-06 00:58:15,b1ffeefe2e29f49101a592b29f01f5277692f7a00da810e81f07765ebb76dd29,1
https://engineering.sfsu.edu/sites/default/files/documents/Sierrathon%20Event%20Flyer%20by%20Sierra%20Circuits.pdf,https://engineering.sfsu.edu/past-events-2024,2025-02-21 00:06:44,4d2af54c25cbf2d2f733a600e11c27f41854a0fa7b208b3d9c10c3800624b150,1
https://sfsu.app.box.com/s/md05sl5pyzu54b1w4s8otl73jo6mn6ue,https://history.sfsu.edu/ex-post-facto-archive,2025-02-21 01:35:28,b286eb06092012cdf02bee5b6363f5a079d7584da22a7b00959f1c33112f8d37,1
https://registrar.sfsu.edu/sites/default/files/documents/SFSU%20SSN%20Conversion_2009.pdf,https://registrar.sfsu.edu/privacy,2025-02-27 18:42:28,cfefc02f2cd8b37e6c7d12921edfa9838f4ba09128ddc0327eb656e175f65346,1
https://registrar.sfsu.edu/sites/default/files/documents/SSN%20Conversion%2010%20Things%20to%20Know.pdf,https://registrar.sfsu.edu/privacy,2025-02-27 18:42:31,3a56a433e4ed4d81b107f2ff72342cb3ab0b2b1d362396e680ce0f91b3099735,1
https://registrar.sfsu.edu/sites/default/files/documents/Spring%202019%20Priority%20Registration%20Schedule.pdf,https://registrar.sfsu.edu/regbreakdown,2025-02-27 18:44:02,ab95b882ccf12453887b1b13a5bc4272c5d7d33269d8f1ca27a0856c5352a3f8,1
https://registrar.sfsu.edu/sites/default/files/documents/Spring%202020%20Priority%20Registration%20Schedule.pdf,https://registrar.sfsu.edu/regbreakdown,2025-02-27 18:44:04,c3cabd236e7f21ccedeea922e5c4b2643ecc7c6feb2f4480e4e30edf4312347b,1
https://registrar.sfsu.edu/sites/default/files/documents/Spring%202021%20Priority%20Registration%20Schedule.pdf,https://registrar.sfsu.edu/regbreakdown,2025-02-27 18:44:07,345d3b4899c5d923fdc99dea24d44cf1cbdecf00cee9c96cb0e2dc74311eb70d,1
https://registrar.sfsu.edu/sites/default/files/documents/Spring%202022%20Priority%20Registration%20Schedule.pdf,https://registrar.sfsu.edu/regbreakdown,2025-02-27 18:44:10,9786fff3587667fe10b0ae9e89513e5a9d7d0b9b860944323c361715adfc14f1,1
https://registrar.sfsu.edu/sites/default/files/documents/Spring%202023%20Priority%20Registration%20Breakdown.pdf,https://registrar.sfsu.edu/regbreakdown,2025-02-27 18:44:13,864e0ee4d705a803b63d6dd7cac80333cb198918571748a11590c5d7c2b0d4d1,1
https://registrar.sfsu.edu/sites/default/files/documents/Summer%202019%20Priority%20Registration%20Schedule.pdf,https://registrar.sfsu.edu/regbreakdown,2025-02-27 18:44:15,fe12534647f42236432e76ea5704959c4ae8b0d1fd39f22241cb33ebb9f4b584,1
https://registrar.sfsu.edu/sites/default/files/documents/Summer%202020%20Priority%20Registration%20Schedule.pdf,https://registrar.sfsu.edu/regbreakdown,2025-02-27 18:44:18,4a5372dad1d8e5301ad1803391df279fa4f7f4a22bd7a0948013de33abaad6bf,1
https://registrar.sfsu.edu/sites/default/files/documents/Summer2023%20Priority%20Registration%20Schedule.pdf,https://registrar.sfsu.edu/regbreakdown,2025-02-27 18:44:21,1b5994ec6d7fef4222bbbe54f0c93dd77f396b39d68109b5d0245156b8e284af,1
https://registrar.sfsu.edu/sites/default/files/documents/Fall%202019%20Priority%20%20Registration%20Schedule.pdf,https://registrar.sfsu.edu/regbreakdown,2025-02-27 18:44:24,8216bace4278d723715c046d947effdda6a592c0c6f10c16bc9e0669047b3d65,1
https://registrar.sfsu.edu/sites/default/files/documents/Fall%202020%20Priority%20%20Registration%20Schedule.pdf,https://registrar.sfsu.edu/regbreakdown,2025-02-27 18:44:27,d0ad853aa1da276b522299cc9a5b5c897a05413384a8203f780bba83dcf1e69a,1
https://registrar.sfsu.edu/sites/default/files/documents/Fall%202021%20Priority%20%20Registration%20Schedule.pdf,https://registrar.sfsu.edu/regbreakdown,2025-02-27 18:44:30,6c19a6e5e145b6ccdeda34b150a5f926dd8a85365d1bbca50657e8eef16611ca,1
https://registrar.sfsu.edu/sites/default/files/documents/Fall%202022%20Priority%20Registration%20Breakdown.pdf,https://registrar.sfsu.edu/regbreakdown,2025-02-27 18:44:32,852194dd0c63247f5e8cebcfac073a4bb389639192b5cbdc4bf46e50eed78519,1
https://registrar.sfsu.edu/sites/default/files/documents/Fall_2023_Priority_%20Registration_Schedule.pdf,https://registrar.sfsu.edu/regbreakdown,2025-02-27 18:44:35,b043ee7cff41c0c5b65d48efcf64d503ac8a8b1e16b4650089fa3612c98dab76,1
https://registrar.sfsu.edu/sites/default/files/documents/Spring%202024%20Key%20Dates.pdf,https://registrar.sfsu.edu/archived_calendar,2025-02-27 18:44:37,6ac9376b30109bc814fb63a71bd990a1d5975fefe78f34bd9abc60fdc7b0eadd,1
https://registrar.sfsu.edu/sites/default/files/documents/Spring%202023%20Key%20Dates.pdf,https://registrar.sfsu.edu/archived_calendar,2025-02-27 18:44:41,635c15be1dbba75cfcd9e2667f753e39ef4a81b416454eb35ead0c08670d109f,1
https://registrar.sfsu.edu/sites/default/files/documents/Spring%202022%20Key%20Dates.pdf,https://registrar.sfsu.edu/archived_calendar,2025-02-27 18:44:44,529941835d6c21fe48464a2e828b464db4c826964b0a273b67961552b45b5b35,1
https://registrar.sfsu.edu/sites/default/files/documents/Spring%202021%20Key%20Dates.pdf,https://registrar.sfsu.edu/archived_calendar,2025-02-27 18:44:48,dc215245c5e24beb2daa4390fb769402cc199c1b46d970f6af50affcc16012ab,1
https://registrar.sfsu.edu/sites/default/files/documents/Spring%202020%20Key%20Dates.pdf,https://registrar.sfsu.edu/archived_calendar,2025-02-27 18:44:51,727d2fd1c5626e19b2a256bc91ab54d98491f0d9c734958bdbdcc131e8678d24,1
https://registrar.sfsu.edu/sites/default/files/documents/Spring%202019%20Key%20Dates.pdf,https://registrar.sfsu.edu/archived_calendar,2025-02-27 18:44:54,8b7fabd74f6a5e13171f61305e569353af6cc745853c53045e1c81b42c7e25be,1
https://registrar.sfsu.edu/sites/default/files/documents/Summer%202024%20Key%20Dates.pdf,https://registrar.sfsu.edu/archived_calendar,2025-02-27 18:44:57,781af017873dcff78c27ab68ada5369e85fa71e003a49b9f4ff550da8a1bc4c1,1
https://registrar.sfsu.edu/sites/default/files/documents/Summer%202023%20Key%20Dates.pdf,https://registrar.sfsu.edu/archived_calendar,2025-02-27 18:45:00,7dc13ae3aa2001df08ff63cbd9b13c7589d6b54dc331046961ce190047c390db,1
https://registrar.sfsu.edu/sites/default/files/documents/Summer%202022%20Key%20Dates.pdf,https://registrar.sfsu.edu/archived_calendar,2025-02-27 18:45:03,04e950d78be63fdb82c0f2bca2d360337f2e0836651ded56ba99f5e041caba7d,1
https://registrar.sfsu.edu/sites/default/files/documents/Summer%202021%20Key%20Dates.pdf,https://registrar.sfsu.edu/archived_calendar,2025-02-27 18:45:07,c312c0876a827328d666c35073b07878f9beb69f95c8207e4233cfb54f7483f3,1
https://registrar.sfsu.edu/sites/default/files/documents/Summer%202020%20Key%20Dates.pdf,https://registrar.sfsu.edu/archived_calendar,2025-02-27 18:45:10,1d8be091eb84c2a2db36c25cbfb9b881f15e00258b871a1737d80fc2ca9321c6,1
https://registrar.sfsu.edu/sites/default/files/documents/Summer%202019%20Key%20Dates.pdf,https://registrar.sfsu.edu/archived_calendar,2025-02-27 18:45:13,e8996989c95aafa12daafb628f539ce313b219471331866d9587ea5d0c5bc53e,1
https://registrar.sfsu.edu/sites/default/files/documents/Fall%202023%20Key%20Dates_0.pdf,https://registrar.sfsu.edu/archived_calendar,2025-02-27 18:45:16,4aef4ccd0ead335c0787da90961f51df62e327e355f294ba949cdf39644a9e1a,1
https://registrar.sfsu.edu/sites/default/files/documents/Fall%202022%20Key%20Dates.pdf,https://registrar.sfsu.edu/archived_calendar,2025-02-27 18:45:19,61b84f42a144192f264f9213f6f8dea0846afe59df757c630f9202c9f286b3ce,1
https://registrar.sfsu.edu/sites/default/files/documents/Fall_2021%20Key%20Dates.pdf,https://registrar.sfsu.edu/archived_calendar,2025-02-27 18:45:23,4267c26a096aa48dda571efbdf9732f1b97e852d2a0664671f5a6c6085ff619b,1
https://registrar.sfsu.edu/sites/default/files/documents/Fall%202020%20Key%20Dates.pdf,https://registrar.sfsu.edu/archived_calendar,2025-02-27 18:45:26,d6c2cdf0f190f9d1a0ed14a6e9ee1415f8a8d90bbafe7b58dfebeab778c85678,1
https://registrar.sfsu.edu/sites/default/files/documents/Fall%202019%20Key%20Dates.pdf,https://registrar.sfsu.edu/archived_calendar,2025-02-27 18:45:30,d8b0a3c18f848b62070305f12e60cd2afe15115f6f2fe98bf7057b850e543824,1
https://cids.sfsu.edu/archive/sites/default/files/documents/KiarostamiFlier2018.pdf,https://cids.sfsu.edu/archive/news-announce/beyond-iran-tribute-filmmaker-abbas-kiarostami.html,2025-02-27 20:30:52,def402d8edfaa329eecc8618aad21badb131a2e14b945d42d00c518761b1f497,1
https://cids.sfsu.edu/archive/sites/default/files/documents/SolmazFlierGreen.pdf,https://cids.sfsu.edu/archive/news-announce/reading-and-reception-poet-solmaz-sharif.html,2025-02-27 20:30:55,6f49b0d7929c88e67c956a0dffb2a329c6b961a4b76698192928e34250b81a62,1
https://cids.sfsu.edu/archive/sites/default/files/documents/CenterFeaturePERSPECTIVEmagazine2019.pdf,https://cids.sfsu.edu/archive/news-announce/perspective-magazine-coverage.html,2025-02-27 20:30:57,24d09d5721e96ac2b11164db7f64cc2ac50586daf415a2b12c4037a53e9fa7a6,1
https://cids.sfsu.edu/archive/sites/default/files/documents/KiarostamiFlier2018.pdf,https://cids.sfsu.edu/archive/events/2018/02/17/725-beyond-iran-tribute-filmmaker-abbas-kiarostami.html,2025-02-27 20:31:00,def402d8edfaa329eecc8618aad21badb131a2e14b945d42d00c518761b1f497,1
https://cids.sfsu.edu/archive/sites/default/files/documents/SolmazFlierGreen.pdf,https://cids.sfsu.edu/archive/events/2018/03/07/724-reading-and-reception-poet-solmaz-sharif.html,2025-02-27 20:31:03,6f49b0d7929c88e67c956a0dffb2a329c6b961a4b76698192928e34250b81a62,1
https://cids.sfsu.edu/archive/sites/default/files/IranHyphenated.pdf,https://cids.sfsu.edu/archive/events/2018/06/16/729-iran-hypenated-short-film-event.html,2025-02-27 20:31:05,bf1361a04cef11b7dde1ebff587d1d12b5f3e4c3533ade342740ec2352b51083,1
https://cids.sfsu.edu/archive/sites/default/files/film_rnd2.pdf,https://cids.sfsu.edu/archive/events/2018/10/27/736-film-screening-waiting-kiarostami.html,2025-02-27 20:31:08,d44ee0d64f8867effaac1729bce6504e3d4d7c2128b16807867cc52f45126920,1
https://cids.sfsu.edu/archive/sites/default/files/40years_flyer_8.5x11.pdf,https://cids.sfsu.edu/archive/events/2019/03/29/750-forty-years-more-international-conference-iranian-diaspora-studies.html,2025-02-27 20:31:13,0ac79a62c1f8b50f06e53eebb3324a5e24c4492b9e69dab9c399f02e582fc13f,1
https://cids.sfsu.edu/archive/sites/default/files/documents/Roundtable_Poster.pdf,https://cids.sfsu.edu/archive/events/2019/10/01/793-us-iran-relations-lost-opportunities.html,2025-02-27 20:31:17,29a7fb879567932632719db884973af58819f8d37c9b59815ca5deea1b01c4b3,1
https://humcwl.sfsu.edu/archive/sites/default/files/documents/ComparativelySpeaking1.1.pdf,https://humcwl.sfsu.edu/archive/news-announce/comparatively-speaking-volume-1.html,2025-02-27 23:05:18,8e196b93bf236cd6dfe4cb2d6cdcafb47541092dc353afcc04054f526b0690d6,1
https://humcwl.sfsu.edu/archive/sites/default/files/people/cv/Ellen.Peel_.CV_.2021.pdf,https://humcwl.sfsu.edu/archive/people/emeriti/ellen-peel-1.html,2025-02-27 23:05:25,e6de692fd9831b8341c4d19c76f973d2af53b262800dbc4d1ae6688acfbd054d,1
https://humcwl.sfsu.edu/archive/sites/default/files/people/cv/Villarreal.CV_.8.14.16.pdf,https://humcwl.sfsu.edu/archive/people/faculty/lisa-villarreal.html,2025-02-27 23:05:28,4efb2a54df381a2d9383d91be956f220b13c2f99c674694dcea82bae5201140c,1
https://humcwl.sfsu.edu/archive/sites/default/files/people/cv/JGoorjianCV_0.pdf,https://humcwl.sfsu.edu/archive/people/faculty/jolie-goorjian.html,2025-02-27 23:05:31,85aa168c9583d84851249c4e43cb1ff6d48739ce857a89599dc8bd21e095b5a1,1
https://humcwl.sfsu.edu/archive/sites/default/files/people/cv/Calkins.CV_.2016.pdf,https://humcwl.sfsu.edu/archive/people/faculty/mark-calkins.html,2025-02-27 23:05:34,e3925e58748c1a74c6338950d89453158c847ed0c324d51710d61ad92dc7defe,1
https://humcwl.sfsu.edu/archive/sites/default/files/people/cv/Villarreal.CV_.8.14.16.pdf,https://humcwl.sfsu.edu/archive/file/villarrealcv81416pdf.html,2025-02-27 23:05:37,4efb2a54df381a2d9383d91be956f220b13c2f99c674694dcea82bae5201140c,1
https://humcwl.sfsu.edu/archive/sites/default/files/people/cv/Ellen.Peel_.CV_.2021.pdf,https://humcwl.sfsu.edu/archive/file/ellenpeelcv2021pdf.html,2025-02-27 23:05:41,e6de692fd9831b8341c4d19c76f973d2af53b262800dbc4d1ae6688acfbd054d,1
https://humcwl.sfsu.edu/archive/sites/default/files/documents/Tehran_Children_flier.pdf,https://humcwl.sfsu.edu/archive/events/2020/02/20/1011-prof-mikhal-dekel-cuny-discussing-her-book.html,2025-02-27 23:05:44,9dbec7d1d49237495773dc50d47a53573a19f33f22b5ba3440f02d3335fa9893,1
https://humcwl.sfsu.edu/archive/sites/default/files/people/cv/JGoorjianCV_0.pdf,https://humcwl.sfsu.edu/archive/file/jgoorjiancvpdf-0.html,2025-02-27 23:05:50,85aa168c9583d84851249c4e43cb1ff6d48739ce857a89599dc8bd21e095b5a1,1
https://humcwl.sfsu.edu/archive/sites/default/files/people/cv/Calkins.CV_.2016.pdf,https://humcwl.sfsu.edu/archive/file/calkinscv2016pdf.html,2025-02-27 23:05:53,e3925e58748c1a74c6338950d89453158c847ed0c324d51710d61ad92dc7defe,1
https://internationalrelations.sfsu.edu/sites/default/files/documents/IR%20Journal%202021%20Final%2040th%20anniversary.pdf,https://internationalrelations.sfsu.edu/archive/index.html,2025-02-27 23:12:58,aaa5f3061a58858a99aab8eb42375b438275434e8c3051470cff85195e450178,1
https://internationalrelations.sfsu.edu/sites/default/files/documents/IR%20Journal%202021%20Final%2040th%20anniversary.pdf,https://internationalrelations.sfsu.edu/archive/news-announce/40th-anniversary-issue-ir-journal-out-now.html,2025-02-27 23:13:08,aaa5f3061a58858a99aab8eb42375b438275434e8c3051470cff85195e450178,1
https://lca.sfsu.edu/archive/sites/default/files/docs/URSCA-progam_01.pdf,https://lca.sfsu.edu/archive/events/2017-05-11-180000-2017-05-11-230000/816070.html,2025-02-27 23:27:26,249b01e2429480a62d8224fef0d96356e78787bf570022383b04a3e133fe44ba,1
https://ltns.sfsu.edu/sites/default/files/documents/SF-State-Latina-Latino-Studies-Archive-Events-Latinx-Fall-2021-Speakers_0.pdf,https://ltns.sfsu.edu/archived-events,2025-02-27 23:28:42,75436dd78b81159b28565693bd0418518c2b6213b029f89a76eb3911c4b683e8,1
https://ltns.sfsu.edu/sites/default/files/documents/SF-State-Latina-Latino-Studies-Archive-Events-A-Conversation-with-Robert-Lovato.pdf,https://ltns.sfsu.edu/archived-events,2025-02-27 23:28:45,c58d4cd88ff9457cde84b4545ad0fbf8a3fa5f42840ac4ab21ac681f9664e518,1
https://ltns.sfsu.edu/sites/default/files/documents/SF-State-Latina-Latino-Studies-Archive-Events-Ballot-Party.pdf,https://ltns.sfsu.edu/archived-events,2025-02-27 23:28:47,e82f9a08a4abd066efff4714510dab6da5233e5c02ae90266ac8334bc4416c63,1
https://ltns.sfsu.edu/sites/default/files/documents/SF-State-Latina-Latino-Studies-Archive-Events-Book-Release-Maestrapeace.pdf,https://ltns.sfsu.edu/archived-events,2025-02-27 23:28:50,b82e0ba2f3a55b38d2669cc52a49e3bd256e5f5fef028558a8739213555ef0ba,1
https://ltns.sfsu.edu/sites/default/files/documents/SF-State-Latina-Latino-Studies-Archive-Events-Confronting-COVID-19.pdf,https://ltns.sfsu.edu/archived-events,2025-02-27 23:28:52,171104ca04391679af4aebff5e31ef1c144f11fd870a40596fc3e75217a93b86,1
https://ltns.sfsu.edu/sites/default/files/documents/SF-State-Latina-Latino-Studies-Archive-Events-Latina-Latino-Studies-and-You.pdf,https://ltns.sfsu.edu/archived-events,2025-02-27 23:28:55,f56b4cbda8f0017c5c1f0c4fa54ca628c0b06c0223453a896ccc852b630247ec,1
https://ltns.sfsu.edu/sites/default/files/documents/SF-State-Latina-Latino-Studies-Archive-Events-Latinx-Spring-2021-Speakers.pdf,https://ltns.sfsu.edu/archived-events,2025-02-27 23:28:58,88d89f5b11c2075bf5b453c57d0a33ca20c669f1853bed76ef8c24a5c1aa342b,1
https://ltns.sfsu.edu/sites/default/files/documents/SF-State-Latina-Latino-Studies-Archive-Events-Lucha-Obrera.pdf,https://ltns.sfsu.edu/archived-events,2025-02-27 23:29:01,e9372fab1d0629e8503fbe96ac5152c36e737a77228197fa4acabb1829b21348,1
https://ltns.sfsu.edu/sites/default/files/documents/SF-State-Latina-Latino-Studies-Archive-Events-Maria-Inclan.pdf,https://ltns.sfsu.edu/archived-events,2025-02-27 23:29:03,7d776a0169ff9aa4f96ba3596c4b9add94e6e2a61f1804e9d5f827ce96b2809c,1
https://ltns.sfsu.edu/sites/default/files/documents/SF-State-Latina-Latino-Studies-Archive-Events-Poetry-Reading-Adrian-Aracibia.pdf,https://ltns.sfsu.edu/archived-events,2025-02-27 23:29:05,dc8763c77faac6131d3f463d7a84b5de21e519bd8ad3d6f8342896dd1fb451ef,1
https://ltns.sfsu.edu/sites/default/files/documents/SF-State-Latina-Latino-Studies-Archive-Events-Profes-in-Pantuflas.pdf,https://ltns.sfsu.edu/archived-events,2025-02-27 23:29:13,f6ca7c302d7e42b1045cb32ac24e7c57ae4ec307271bf2b0d9e4eda305d20558,1
https://ltns.sfsu.edu/sites/default/files/documents/SF-State-Latina-Latino-Studies-Archive-Events-Resistance-and-Resilience.pdf,https://ltns.sfsu.edu/archived-events,2025-02-27 23:29:15,70264582f74d443b9a3ee77570ee3da3acb11a30e392108826a7aa63965a9249,1
https://ltns.sfsu.edu/sites/default/files/documents/SF-State-Latina-Latino-Studies-Archive-Events-Rethinking-Afrolatinidades.pdf,https://ltns.sfsu.edu/archived-events,2025-02-27 23:29:17,3a01275d1eab32f5a5f72b2b4c0a6321bd45ec4f6de23365735e747373a3ae56,1
https://ltns.sfsu.edu/sites/default/files/documents/SF-State-Latina-Latino-Studies-Archive-Events-Women-out-in-front.pdf,https://ltns.sfsu.edu/archived-events,2025-02-27 23:29:20,2a62169d6ffcb2996946c0c3554859521d63257cb2817c79487dd8c601c828f6,1
https://mll.sfsu.edu/archive/sites/default/files/2017_ocha_program.pdf,https://mll.sfsu.edu/archive/events/40802-4th-ocha-zanmai.html,2025-02-27 23:33:02,70b1146ffb80081e10eaddd27e61b48818fb9184f41c17e12940b053556d8823,1
https://mll.sfsu.edu/archive/sites/default/files/sf-state-scholars-application(4).pdf,https://mll.sfsu.edu/archive/news-all.1.html,2025-02-27 23:33:08,6d40cf4c0dad48441cf700d5a08775acc54ec1baf60b66b123cabdc7a92dfdf2,1
https://mll.sfsu.edu/archive/sites/default/files/sf-state-scholars-application(4).pdf,https://mll.sfsu.edu/archive/news-all/40858.html,2025-02-27 23:33:12,6d40cf4c0dad48441cf700d5a08775acc54ec1baf60b66b123cabdc7a92dfdf2,1
https://mll.sfsu.edu/archive/sites/default/files/2017%20Ocha%20Zanmai%20Conference%20Registratio%251dn%20Form%20GENERAL%20after%20APRIL%2020.pdf,https://mll.sfsu.edu/4th-ocha-zanmai,2025-02-27 23:33:16,c5dbddf59a682ec19fe2f80f4e4d50588547b01b8fd9485742a4c6c92cb64cd2,1
https://mll.sfsu.edu/archive/sites/default/files/2017_ocha_program.pdf,https://mll.sfsu.edu/4th-ocha-zanmai,2025-02-27 23:33:19,70b1146ffb80081e10eaddd27e61b48818fb9184f41c17e12940b053556d8823,1
https://mll.sfsu.edu/archive/sites/default/files/4th%20Ocha%20Zanmai%20Poster.pdf,https://mll.sfsu.edu/4th-ocha-zanmai,2025-02-27 23:33:22,bdaa935ab9ab4b3af41332270a13475003fe2f216976cd8bfb7088dd9f95ddd6,1
https://registrar.sfsu.edu/sites/default/files/documents/Summer%202025%20Priority%20Registration%20Schedule.pdf,https://registrar.sfsu.edu/regbreakdown,2025-04-08 03:05:38,872f0e4b01485be48831bc928b059c0ad3ab6a6c7fc61d46d8da8a17227cfef3,1
https://registrar.sfsu.edu/sites/default/files/documents/Fall%202024%20Key%20Dates.pdf,https://registrar.sfsu.edu/archived_calendar,2025-04-08 03:05:41,48ea4d84251319626251644dae239f76b75cc7a2b07d2372ad109af1d5bbd24d,1
https://registrar.sfsu.edu/sites/default/files/documents/Fall%202025%20Priority%20Registration%20Schedule.pdf,https://registrar.sfsu.edu/regbreakdown,2025-05-19 20:41:56,f44615ab8f1f27bda7d8f0095bfcd0433d53d2fcde318a3dbde577fe802aa155,1
https://sfbuild.sfsu.edu/sites/default/files/documents/Signaling%20Affirmation%20for%20Equity%20%28SAFE%29%20Model.pdf,https://sfbuild.sfsu.edu/legacy-sf-build-counter-initiative-symposium,2025-05-19 20:44:40,6c29b58715bf16101072d7add148f8066a5570219b348e1ca1f2224b7b430712,1
https://theatredance.sfsu.edu/archive/sites/default/files/documents/THD2017-2018FallMasterCalendarAug6v3.01.pdf,https://theatredance.sfsu.edu/archive/news-announce/fall-2017-production-calendar.html,2025-05-19 20:53:35,39d8e98f326763718ba8faef5d86470ccbd0b209b8d44c08379e634016318280,1
https://theatredance.sfsu.edu/archive/sites/default/files/documents/SFSUDancePlacementAuditionAPPLICATIONspring2018.pdf,https://theatredance.sfsu.edu/archive/news-announce/spring-2018-dance-placement-audition.html,2025-05-19 20:53:37,eccf6989497739c2206c2c5b6422e0efd87ba99fef423464d726457db2f21270,1
https://theatredance.sfsu.edu/archive/sites/default/files/documents/DPW_DANC_Minor_Fall2021v3.pdf,https://theatredance.sfsu.edu/archive/content/advising-worksheets.html,2025-05-19 20:53:41,d7036c8f60887473306907b16b161ec6cae2863337cb3e36bd33fb9e8747fda0,1
https://theatredance.sfsu.edu/archive/sites/default/files/documents/DPW_THA_Minor_Fall2021v2.pdf,https://theatredance.sfsu.edu/archive/content/advising-worksheets.html,2025-05-19 20:53:46,8bb81aa29a15d0fd16f20a1d7d4a78250676c39546dfac8c5aee180f61fa4bc4,1
https://theatredance.sfsu.edu/archive/sites/default/files/documents/Pre_Fa20_THA_Minor.pdf,https://theatredance.sfsu.edu/archive/content/advising-worksheets.html,2025-05-19 20:53:49,a0ebd6ba2e4ac0f2572e8d45fc097cefc764e69165af3359807343f04e57da4c,1
https://theatredance.sfsu.edu/archive/sites/default/files/images/UDT20-ProgramBook.pdf,https://theatredance.sfsu.edu/archive/content/university-dance-theatre-2020.html,2025-05-19 20:53:52,5fbca820ea5903f0b3ed3adb381885f431c3c6a180c74178b9d134615830e83e,1
https://theatredance.sfsu.edu/archive/sites/default/files/documents/UDTProgram2020_FinalVersion.pdf,https://theatredance.sfsu.edu/archive/events/2020/12/05/952-university-dance-theatre.html,2025-05-19 20:53:56,9c9ccfd7ee0d920a0a513a2038e1ab508c87659407d40de85ed10ac6e5386343,1
https://sfsu.app.box.com/s/bp70fb42ni6v7at5w3x8hhmv50f1zy2m,https://ueap.sfsu.edu/resources-and-information,2025-05-19 21:01:03,b46d3856e4c5a1ac80b0287681f6a9c1a079b6512a439d513ead4293fcd50fe0,1
https://sfsu.app.box.com/s/3meqeuwj3rutyxy77pz8mq7vt42w8cja,https://ueap.sfsu.edu/resources-and-information,2025-05-19 21:06:01,7497c2c688d0a112887dc63f4a0429bdc6948144e9f0bcfa970f9ed40d5d04da,1
https://sfsu.app.box.com/s/geas2tibg2v13g5qrx5dkz3r0umf7pdv,https://ueap.sfsu.edu/resources-and-information,2025-05-19 21:06:06,82ef123d6beed0a68c410c12e3f056bdee5d414413e589ea624ce6db5631bf08,1
https://sfsu.app.box.com/s/59dtmljptmx8vbxlpw3epuh9ixrx0g0k,https://ueap.sfsu.edu/resources-and-information,2025-05-19 21:06:12,1b58d2f888f334ad5107e26d0d1d9cc3929d78e109cde73c30386ad8fd5b3498,1
https://sfsu.app.box.com/s/sqmab6eds6kmy9ylkm9qh77s8v30ro0y,https://ueap.sfsu.edu/resources-and-information,2025-05-19 21:06:17,44e9e2bb5eb726699a78dc447774d4a8705ffe12cf9052f8795687dbd7f08c7f,1
https://sfsu.app.box.com/s/78ezgypn5bog4gdqd8wl9cls7fgog2tz,https://ueap.sfsu.edu/resources-and-information,2025-05-19 21:06:23,a507227a9d0c974e3e4ead695967e715db1b3281043499cf82b5e3062b71722c,1
https://sfsu.app.box.com/s/ymauc9frgrwq4rk8vnoen0okwwr7vrhc,https://ueap.sfsu.edu/resources-and-information,2025-05-19 21:06:29,d2d320d19fab59816411b98c9556f87596ca4d666da374656c994c9b830ed6c5,1
https://sfsu.app.box.com/s/of4kham77y7c9ie143f20kwhay67faa7,https://ueap.sfsu.edu/resources-and-information,2025-05-19 21:06:35,77a7e52c11ba2400467244c58d28e05f3fdfdd16e66005ab1dccea31436af46e,1
https://sfsu.app.box.com/s/rqfjdrf22sef1ato24ymraiy8w5xiqb0,https://ueap.sfsu.edu/resources-and-information,2025-05-19 21:06:42,b6b135269d20b892d8c8d77a91786b0cbea758172ecc1563ad958c0a2938395c,1
https://sfsu.app.box.com/s/5unmbuw1ve93vek5ven7rk1f1z3c89b1,https://ueap.sfsu.edu/resources-and-information,2025-05-19 21:06:48,0930de418a0ed1b8e49cc94346aa373a953d6bfb747f7e6e7c49b0de1ba7837f,1
https://sfsu.app.box.com/s/sg37wmyq2z66l5fyhlewl46gkmt7n8ap,https://ueap.sfsu.edu/resources-and-information,2025-05-19 21:06:54,013b4fa89d9a0e8cd061d52febc9de2e4c1afa70db7aba30d056d52d861baa21,1
https://sfsu.app.box.com/s/vp6r0iezlh574mw9chtxmh6kryym72ej,https://ueap.sfsu.edu/resources-and-information,2025-05-19 21:07:00,5881153e1fc58d8c64aef0477def89e8eb25a78a6b830cc0b5ed21de4235e268,1
https://sfsu.app.box.com/s/7j74uval9mkojwapmszl4mo38ktk44x7,https://ueap.sfsu.edu/resources-and-information,2025-05-19 21:07:06,e433db55b0f09e1668361c0b970535bb43ce5e73cbfeb9047862a373a1d8b0d4,1
https://sfsu.app.box.com/s/pa8ses77loq6j6nl8cf5ulubb5mfuz0y,https://ueap.sfsu.edu/content/curriculum/course-information,2025-05-19 21:22:47,da9ca3c0d25db94dcd9734a94ccbc6cc55c90f60f5914baf9e3d36609203dff4,1
https://sfsu.app.box.com/s/n22terb3k1vfmztujev656n9vnr9mwsq,https://ueap.sfsu.edu/content/curriculum/course-information,2025-05-19 21:22:51,87777732da8911d17b20a595f712f1d6e9721bfceb213650ecbc9c1e4fbb0492,1
https://sfsu.app.box.com/s/ux38yy82i4dcovqxetkviwhn0jl9700m,https://ueap.sfsu.edu/content/curriculum/course-information,2025-05-19 21:22:56,bfb5c98f43b3fb0fad61d50b0d197c746ce88e49fbd89745b9d4dff08962d64f,1
https://sfsu.app.box.com/s/lv5qrlblb9jq4zgu4vif308euth7b8g1,https://ueap.sfsu.edu/content/curriculum/course-information,2025-05-19 21:23:00,5b1e8714999db01d5addadeb496103f4e2e3d1d5a0f15dc8fd1ec1312650018c,1
https://sfsu.app.box.com/s/q5ylcdk3901thmrtcopk2ot32ah3ra97,https://ueap.sfsu.edu/content/curriculum/course-information,2025-05-19 21:23:05,d0750f76ab3f1a0b51aa170dd0096f0f6206f42e24da15bf6767328dac768acd,1
https://sfsu.app.box.com/s/yhbblkjh1weg5eolltksclfbuvxcr497,https://ueap.sfsu.edu/content/curriculum/course-information,2025-05-19 21:23:09,326475d5b5f01993c9b144c68085408aa2dc918106dccadabe403d8d118294cf,1
https://sfsu.app.box.com/s/mw4wumn3r5rcgc3jmnsncr74ne5hj9mi,https://ueap.sfsu.edu/content/curriculum/course-information,2025-05-19 21:23:14,014f2c93684657326f697801edfa01a0874fadafde1b816adc2e82871ee0d4cf,1
https://sfsu.app.box.com/s/fgw1n2c38xxmov88eqdxdsm4tiikrz2o,https://ueap.sfsu.edu/content/curriculum/course-information,2025-05-19 21:23:18,dcd557abc09dc18290757be280b05814b5f416a1f89a2be4ff3e84735702d891,1
https://sfsu.app.box.com/s/f1pnmmp4u318uqmxuxwqnfwmzffvkvjc,https://ueap.sfsu.edu/content/curriculum/course-information,2025-05-19 21:23:22,64c15c4004d9aebe143759345a243db31fb29faac1a18d17675c30cc7d10cca7,1
https://sfsu.app.box.com/s/k25golw295nvoy9mvz1on88mktvz6zrc,https://ueap.sfsu.edu/content/curriculum/course-information,2025-05-19 21:23:27,ee66d314e35f550b49cba69e6da0a6a338af98d2bcd7670eb109265728902c0d,1
https://sfsu.app.box.com/s/okxykdcutrvg4uxmoo2lp45v1m00e5es,https://ueap.sfsu.edu/content/curriculum/course-information,2025-05-19 21:23:31,6381c7f65f596ac7ba493824706cb08bf9645a1899360d2f3afae256a203ea6a,1
https://sfsu.app.box.com/s/eacpeg3tlmedswaewnen1p6vf00hsw02,https://ueap.sfsu.edu/content/curriculum/course-information,2025-05-19 21:23:36,445558a5631a00cc9b1f90dfae4cecb8e4c96800d8f32e1a6dc20ac0ff67f596,1
https://sfsu.app.box.com/s/51e6owmwl2lvj7d71ylpaonzanl6gm4m,https://ueap.sfsu.edu/content/curriculum/course-information,2025-05-19 21:23:41,16f61536302eef17ef0e2b4b2aaf1cbd5cc9ce2eaab92e618d9300349f902070,1
https://sfsu.app.box.com/s/6wsgduz5rzgyptoqaybc8sik8gj6unec,https://ueap.sfsu.edu/content/curriculum/course-information,2025-05-19 21:23:45,6a3ccfc7787ed1e238e723d7ff1bc6d5beb0537deb45166d21ec1d6d6d7f3bdf,1
https://sfsu.app.box.com/s/2yo6hkkxe7vq9zh7vszhtx3r6nladf3f,https://ueap.sfsu.edu/content/curriculum/course-information,2025-05-19 21:23:49,88f61116de43000802643ac567a7bc890604e197eced89d9699ec0df6d26a534,1
https://sfsu.app.box.com/s/bqdz3nquob5dbmpsfabyda1bhx7emkdg,https://ueap.sfsu.edu/content/curriculum/course-information,2025-05-19 21:23:54,ece1a7a02bb0f2cc914804e10e2b9d1abb0d795227b814fa70522fbb188744f2,1
https://sfsu.app.box.com/s/avcv5i6yn4i63xr8b56ma8th679rkzxx,https://ueap.sfsu.edu/content/curriculum/course-information,2025-05-19 21:23:59,0558d57480dc7cbf007436edf71b8007cfc4bd1d2e8079eadb1ec70f18354696,1
https://sfsu.app.box.com/s/wtezkkow84450ms5ne8t4rj8oqqkptjh,https://ueap.sfsu.edu/content/curriculum/course-information,2025-05-19 21:24:06,1581dd7af80dd774f99de97d53378f2578aa23ad6025d48da5a3bb093967b9b4,1
https://sfsu.app.box.com/s/7na6iz77wvssao1or9x9b7j3yfi0re7b,https://ueap.sfsu.edu/content/curriculum/course-information,2025-05-19 21:24:11,9760a1b422543593df1649cef13dbb83e18e7ebf20427b90068e68692e83c309,1
https://sfsu.app.box.com/s/wv8kej99zlw6mu89u2isxtasl6oplyvc,https://ueap.sfsu.edu/content/curriculum/course-information,2025-05-19 21:24:15,010e2a1eeece17db572e13aa13132919a75d4da630a263dbc8a62d3f99b948b3,1
https://sfsu.app.box.com/s/yu2gohv4yrpm9mkwvevvmhncsipc9pdw,https://ueap.sfsu.edu/content/curriculum/course-information,2025-05-19 21:24:20,5a4311a91d570af1c40fbc016efccd372d8090062aa268ba62d161aebb43d8f3,1
https://sfsu.app.box.com/s/7l5wkivr7j87024okx4cltl62cwxzpyn,https://ueap.sfsu.edu/content/curriculum/course-information,2025-05-19 21:24:25,7b05a2e34763b8b2cd53a4a81a913030ce32ede14685b75e53add25d28d59cbe,1
https://sfsu.app.box.com/s/lmxjmpbdsp5l5pqkwzrp6lfzgr4bw9lz,https://ueap.sfsu.edu/content/curriculum/course-information,2025-05-19 21:24:29,bf17bb0469cf0fe067a0a174e6c992bbaa4a9b01a0512eec31ec2d75dc5429bf,1
https://sfsu.app.box.com/s/sjwug5bzhxmygpqo8awp1192gqxdvawm,https://ueap.sfsu.edu/content/curriculum/course-information,2025-05-19 21:24:34,4c91af4a886743b04126e5d69a3fd510590d3324c01ed069a2a7ddb291bcf9ee,1
https://sfsu.app.box.com/s/px1ccb8xavhn87riiwep5h1k42nkom26,https://ueap.sfsu.edu/content/curriculum/course-information,2025-05-19 21:24:38,7df5a8f9aa44b3879983c4288a0483c8b0647ef4bab72a2ca67e9d073be69b33,1
https://sfsu.app.box.com/s/xu2ppvt3b6qh8aw70wge72uxp3y7tsci,https://ueap.sfsu.edu/content/curriculum/course-information,2025-05-19 21:24:43,6749a40d7b6d7a9b369029386db405fa73c73f130b5141f4e1bdff756ab84ceb,1
https://sfsu.app.box.com/s/ppiesfokx9kixk06aw83tmuaux3yo3ub,https://ueap.sfsu.edu/content/curriculum/course-information,2025-05-19 21:24:47,cba44b3f6e1a8d59c8b31e8b73b42f297c9668d11a27e644e9bf1a41c527b2bd,1
https://sfsu.app.box.com/s/spggpmif8r69hkvrqj5eyps36ebnszq6,https://ueap.sfsu.edu/content/curriculum/course-information,2025-05-19 21:24:51,3f8a6e17c305302461c8440548288973e4306cd53b08ae9663cc268c70f806eb,1
https://sfsu.app.box.com/s/qbn32ic8an5mzrujdcq1pxs56taq9trv,https://ueap.sfsu.edu/content/curriculum/course-information,2025-05-19 21:24:56,9022174af2bc8867fc231ddb9aac03470481e6a3786cb658f9b39963d31768da,1
https://sfsu.app.box.com/s/73yycvgeom3kp8zirqvxbfyimhg98fka,https://ueap.sfsu.edu/content/curriculum/course-information,2025-05-19 21:25:00,befca97cc003b9f0f257fa0fe44554ff4e0b2017b9793032ed058385ca4bae4f,1
https://sfsu.app.box.com/s/ljxt4gcr1eim0h4txgxl8cksuw5obcvq,https://ueap.sfsu.edu/content/curriculum/course-information,2025-05-19 21:25:05,2e27783f236e164684d2cdf00e878c9872b179e1466c59daf69ef3be73e8f798,1
https://sfsu.app.box.com/s/zpyp3umgiqq697edyv9hi7rmfhntbztw,https://ueap.sfsu.edu/content/curriculum/course-information,2025-05-19 21:25:10,55200df5eab3db6537e976414602e7b197e1d2bc531294248eb0df4c8baa584c,1
https://sfsu.app.box.com/s/0ivhhcfxqd2dtoq671cer81gihetvxwn,https://ueap.sfsu.edu/content/curriculum/course-information,2025-05-19 21:25:15,7f3970bfc3df24a39dbfc4163db594e3ad367488209c65d78a5b158997d3aa70,1
https://sfsu.app.box.com/s/jw4lcaq32kcxu8qv9adc7sww7bwntwt3,https://ueap.sfsu.edu/content/curriculum/course-information,2025-05-19 21:25:20,98fcd5dccf32b228c3fa0f197af4f7b46995a7ec4b14c915afa02f933be7078a,1
https://sfsu.app.box.com/s/9a7io7ekn8jevl47cj912ng4enykxeqe,https://ueap.sfsu.edu/content/curriculum/course-information,2025-05-19 21:25:25,5856dda62f30a5e093a9b17c17e451a1bf65e838e51ee56f1bb74188bed78b42,1
https://sfsu.app.box.com/s/fdme87s58w36gxj983s6oa0ezhf7umhq,https://ueap.sfsu.edu/content/curriculum/course-information,2025-05-19 21:25:29,f0d2a9c270f3b981abb9e5ec3b472519d89cd7ef70a08d0cbfcac3e79db9aebd,1
https://sfsu.app.box.com/s/90om563nu8xyh9iukcny1mjr0b1myf5x,https://ueap.sfsu.edu/content/curriculum/course-information,2025-05-19 21:25:34,1bc8119955a3247fbc3e1b9e987eb0d1576340fde07338445c109e5cfb7a20f0,1
https://sfsu.app.box.com/s/0nf7j9a4of003djsl3bex8wvffnc3znd,https://ueap.sfsu.edu/content/curriculum/course-information,2025-05-19 21:25:38,a3befef92f3a3fc2ce02696125fb69521c82a833d352f2de91b2124a76a48ead,1
https://sfsu.app.box.com/s/fhca1fdemo5hqtq3ajm48n9ec37nu7mi,https://ueap.sfsu.edu/content/curriculum/course-information,2025-05-19 21:25:43,f45c845ad48598e492c65c4902b2093c3e26213081787c8e0003c1345791856e,1
https://sfsu.app.box.com/s/ib78p2wbhrs9xun4n9enc2jreu7nt8q3,https://ueap.sfsu.edu/content/curriculum/course-information,2025-05-19 21:25:47,116652521386b49f108574061b7dad64247ab9f0b45ae238d16329937e3a05aa,1
https://sfsu.app.box.com/s/rew9pgrc6enuq3b3zgos6wfv4wf3yk5b,https://ueap.sfsu.edu/content/curriculum/course-information,2025-05-19 21:25:52,2fd9fa86236a50be68ede281243ff8849b4bbd844357e4cc7f6414e91320f586,1
https://sfsu.app.box.com/s/ffvje6xced8jcfaj6xolqovomcge5olm,https://ueap.sfsu.edu/content/curriculum/course-information,2025-05-19 21:25:56,f3cdb59e6b5d9d09325fe4079e3457fe0c0a6e2a9f4390eea74de6d155c873d7,1
https://sfsu.app.box.com/s/v6odfzglx0vyu6ez5i3n9i42ui04pssf,https://ueap.sfsu.edu/content/curriculum/course-information,2025-05-19 21:26:01,a80e2bcaa90a04b35fb07dd2bde5ab1eda706ab7ddeeaac2baeadb427eb8fe31,1
https://sfsu.app.box.com/s/l9hg0aizfrhxo24b7bk1aij3r0bdt6iv,https://ueap.sfsu.edu/content/curriculum/course-information,2025-05-19 21:26:06,1b809f4689b8b3361bfc6e36a24b7683741dc6d1f3262427a3056db8d0fecf21,1
https://sfsu.app.box.com/s/dndo5qq00nwzch49v329mpno6zg8vi56,https://ueap.sfsu.edu/content/curriculum/course-information,2025-05-19 21:26:11,043b7016180c1b3117cf1162ad925a369d685ab3cd69150bb6d08713af7ebd02,1
https://sfsu.app.box.com/s/q7n5ilghn22z6o57yew74oestviztb9y,https://ueap.sfsu.edu/content/curriculum/course-information,2025-05-19 21:26:15,7c8a48751d41b0c48f107d3cfd31ec997bda292ef4315b2da4cf9b0760ff646f,1
https://sfsu.app.box.com/s/7vyszwn6e3x9jb7z22s3933woga4h43c,https://ueap.sfsu.edu/content/curriculum/course-information,2025-05-19 21:26:20,279f75cc4efcefc340a7be10803f1bf1c2aab07c6558cebb94b7ca0e977056b1,1
https://sfsu.app.box.com/s/859pkc96n3wkh46w2st5grycy0dz56ut,https://ueap.sfsu.edu/content/curriculum/course-information,2025-05-19 21:26:24,ecb70e85796d81fec4470d70e05224dd2ad0cb0d0be8dac1aaeec8273fb8a3ca,1
https://sfsu.app.box.com/s/xcrzxgxb72y493wplutpv3f5xzwv0fz4,https://ueap.sfsu.edu/content/curriculum/course-information,2025-05-19 21:26:29,61d9df84ad72dc5bcc788323512af277e785ba864bee8fb3e7ae26949c9a3505,1
https://sfsu.app.box.com/s/auqacfrkf4gqc5diif6nky77lp25cj20,https://ueap.sfsu.edu/content/curriculum/course-information,2025-05-19 21:26:33,2e38d3a752ec686ef34bbdf2a216a5552f4fb0693df3c2b17aedcd4f6ca01cf9,1
https://sfsu.app.box.com/s/v6b95f2o47h3txf0gji5wt6u29575npb,https://ueap.sfsu.edu/content/curriculum/course-information,2025-05-19 21:26:38,377b1c7fb495b124cb7246a27f283370c78719fb355fc2a7cc743d2535be0b2d,1
https://sfsu.app.box.com/s/820u8qp5ydwg8hiw8nahz1ecf2vlb4s2,https://ueap.sfsu.edu/content/curriculum/course-information,2025-05-19 21:26:43,d382a412dc373701608fb8392ca4ead97ddaa830c04a6a6251195c99b600b2aa,1
https://sfsu.app.box.com/s/3ii9zvx19v7on8vyvik61688h5mizey9,https://ueap.sfsu.edu/content/curriculum/course-information,2025-05-19 21:26:47,7cf20f0293c7a7a7639f855f7a61939dc13771d02dee3272430e2b6ee2f52123,1
https://sfsu.app.box.com/s/rozlvrlugrd5bcvue9c2ixazgzqxwryj,https://ueap.sfsu.edu/content/curriculum/course-information,2025-05-19 21:26:52,cf436ac9dcd9aaa55c3612a78033cc00e5209bc9687c8751b69d3f51204cf6ab,1
https://sfsu.app.box.com/s/7nbrny7zqv5r8va3570ej4iuvt0dbyt7,https://ueap.sfsu.edu/content/curriculum/course-information,2025-05-19 21:26:57,bc40a50eca917f4d13fe59fc912add6f77cac8e7acf3b781e2ec28cb5c77db44,1
https://sfsu.app.box.com/s/zo00th6jp2qq962cv2v3p0y1e1bxrhi8,https://ueap.sfsu.edu/content/curriculum/course-information,2025-05-19 21:27:02,a7be7b140b3fb4d125dcda2f3553bfd7bdba65055ea353555a6b3c1b29c0fb8a,1
https://sfsu.app.box.com/s/lg8pyzklnfxp7fzhc97nvrqs7ifr0z1f,https://ueap.sfsu.edu/content/curriculum/course-information,2025-05-19 21:27:07,b986f67ddec504dcc2e28557b0180d8f6a9de3b6b02210fdb97a2a44d98490e4,1
https://sfsu.app.box.com/s/kr0d0lt19qck7wnd59qgitlkgx1pq0ue,https://ueap.sfsu.edu/content/curriculum/course-information,2025-05-19 21:27:11,6dba5f5c950833e560b8d3552ff5a860c9509bfb0205b9a8aeb420e307541bb6,1
https://sfsu.app.box.com/s/0045go4yytzxzjqhihvb251g0c7gykit,https://ueap.sfsu.edu/content/curriculum/course-information,2025-05-19 21:27:16,e6b672a6e3894083c9a9c777b76e53e632f5160c72369d7adc0acdb420d7a7b5,1
https://sfsu.app.box.com/s/7bkzi9e0o5didj0n0cuk6wnubnla0blz,https://ueap.sfsu.edu/content/curriculum/course-information,2025-05-19 21:27:21,7468c81dcd13d10e4dc4a6d79afe3736a2b01f6389ee3a97663d676d27c64844,1
https://sfsu.app.box.com/s/4vgmbqd73dkqp4fa27e8zjwsis3wdk40,https://ueap.sfsu.edu/content/curriculum/course-information,2025-05-19 21:27:26,968fc04ba4ee743dc2f77944661febd574803752221e741ddb249c54ec94e814,1
https://sfsu.app.box.com/s/xc1b1c5kklutbn6p7qfrby3i9rn03f2v,https://ueap.sfsu.edu/content/curriculum/course-information,2025-05-19 21:27:31,2e758f8c3f81f2f49afdd13f2ca932177107b7d7b7be60524c4f4435388ef9eb,1
https://sfsu.app.box.com/s/ryiszzdx69nrkyz4o10nxgkjp8cpmsu2,https://ueap.sfsu.edu/content/curriculum/course-information,2025-05-19 21:27:37,5f382e9e985bbdc4f441ad5d624dd31c98acb27faec3985f47e933b733129ed6,1
https://sfsu.app.box.com/s/9tvq3pj7hwqmzxdpzaqv2igeim3oo9i7,https://ueap.sfsu.edu/content/curriculum/course-information,2025-05-19 21:27:42,e15180c82221ef74236bd5166b1f50d4b12193106cf097f0f7442b6cab869535,1
https://sfsu.app.box.com/s/ce4wdtv91zsi6ysbfn6djd9p742l18jn,https://ueap.sfsu.edu/content/curriculum/course-information,2025-05-19 21:27:46,5e01d5d791dcc5b99f2b3cf2ae84789670a11b288b5ffb3e47cd6dec6eec4d23,1
https://sfsu.app.box.com/s/se2913ofki5mwxkpa3p4143mc9iidtf7,https://ueap.sfsu.edu/content/curriculum/course-information,2025-05-19 21:27:51,1cfd79ad9fcaa81d181f0fb031d0fc507c5eb5c5a9e145d3f2126ded6179a68d,1
https://sfsu.app.box.com/s/9j4nb4d1y3zb4evg0q9fpkwvjedsl7m2,https://ueap.sfsu.edu/content/curriculum/course-information,2025-05-19 21:27:56,aaf624edef8b29e60daf4d77662c0575936619037d275195df4a988c1ac233d6,1
https://sfsu.app.box.com/s/g53c9vz84htd6rylrrxeciaaqxlmyxys,https://ueap.sfsu.edu/content/curriculum/course-information,2025-05-19 21:28:01,ba2ef4685074f65ee3d32bd4c1cbfc3ed27f181d7565f8b792f957ca94ae3aa1,1
https://sfsu.app.box.com/s/u695xozk1gwhl4zreolu3k9fgxnf4ltx,https://ueap.sfsu.edu/content/curriculum/course-information,2025-05-19 21:28:06,c3515dd717e07190738ef03fea6271ce8a1964f2f3639ecde5bb9185d13a1687,1
https://sfsu.app.box.com/s/t3dyw68pm3dkszm2d5hebxbmbst9dm4k,https://ueap.sfsu.edu/content/curriculum/course-information,2025-05-19 21:28:12,bf103f6319a51a1bb7d5fa134bd57f17dcb740c0d229a1f18772e365292b2b7f,1
https://sfsu.app.box.com/s/pfrq38puxuf1z7c8x6c3x195yoxvwr7r,https://ueap.sfsu.edu/content/curriculum/course-information,2025-05-19 21:28:16,1cd61ed484d37a2399ecde9f90f3180c9c029c447e25b41dd070ba29f4a26f95,1
https://sfsu.app.box.com/s/8kxydm1s2kjzdu42xmgonilg9wrke71z,https://ueap.sfsu.edu/content/curriculum/course-information,2025-05-19 21:28:21,7d0037e6fce66aae4f0c89d94776fe92660419be9f8e88bb42ea15fd7b2bed1a,1
https://sfsu.app.box.com/s/v4nn7bsypfgaaxiq70771gq8750mjtr9,https://ueap.sfsu.edu/content/curriculum/course-information,2025-05-19 21:28:26,6a78168f71ce2e554fcb7214ee858c708c40c6228bcfc1ba1606a5e5e4656901,1
https://sfsu.app.box.com/s/oebxj7cwv3tvbj7bgwvbduo1nkq135ms,https://ueap.sfsu.edu/content/curriculum/course-information,2025-05-19 21:28:31,3703a8ae0695e4d18840c4810e78bd158be4c56da4774159ba29d599a5e5bc30,1
https://sfsu.app.box.com/s/z5zumc7l3vk0obdkyalc2v11tlesbdtv,https://ueap.sfsu.edu/content/curriculum/course-information,2025-05-19 21:28:35,57e4c4292c0a0f26819e010127e44036eca390594a3065f8b86662d52c8643a8,1
https://sfsu.app.box.com/s/tk9mcfe1qb0zghbzjfa6iebt54p69uav,https://ueap.sfsu.edu/content/curriculum/course-information,2025-05-19 21:28:41,55d056bd8b07e602612772882df050118c91656d1bd64c7c3fef86c7dabec8df,1
https://sfsu.app.box.com/s/25u1iwkt2fhyjs5p0nnq67ki5ud9lpxe,https://ueap.sfsu.edu/content/curriculum/course-information,2025-05-19 21:28:46,45d40a7907981b5ff9dde6d7913724b5b2ff3e9c92b9ff21f3aa85d69fc8ee43,1
https://sfsu.app.box.com/s/iy8q0ehci4zkhtlfn9uy04ylwpg7idmi,https://ueap.sfsu.edu/content/curriculum/course-information,2025-05-19 21:28:50,4e604c6161077270f73ce8cf815c2567a1a7a767608bfcc76ff68211c74523ee,1
https://sfsu.app.box.com/s/6jkmvmchjn38ujyt55hg87nocidbstkd,https://ueap.sfsu.edu/content/curriculum/course-information,2025-05-19 21:28:55,a4bc97fe076ad23dcb11e254195aed65dd9b7ad01e7d18307ff566e06d2b9ae9,1
https://sfsu.app.box.com/s/spabx3ed6i6qk91kbmm7ch3hwv71w2vx,https://ueap.sfsu.edu/content/curriculum/course-information,2025-05-19 21:29:00,82d55eb13461ed7868ddc283e1b3de6f0384c5f63eb9efdd22cf136e92efff64,1
https://sfsu.app.box.com/s/txim0gv469r0tohpzngztnpj1ilx1tc1,https://ueap.sfsu.edu/content/curriculum/course-information,2025-05-19 21:29:05,dcabcc9052c659f2573420f7bd4b219c980d9596a2fc17f666312a92f37fe9ce,1
https://sfsu.app.box.com/s/dhcr8gggywo7dsqohhv4xw9jrugqutl5,https://ueap.sfsu.edu/content/curriculum/course-information,2025-05-19 21:29:11,7a3ec5a2547b850f2c862d062e14066195dd42e54c108f77f7d300b7c7e99a7b,1
https://sfsu.app.box.com/s/dfedkdkl6xzfxvadtx9vjvpjfeduj7pk,https://ueap.sfsu.edu/content/curriculum/course-information,2025-05-19 21:29:16,80d05e34fef17ee634511f3ae35e29df864089c3e92c303714fdcf1159f831f5,1
https://sfsu.app.box.com/s/7sn9ihl8amgpmhzr2zalbh0xa81if9uh,https://ueap.sfsu.edu/content/curriculum/course-information,2025-05-19 21:29:22,3b2e3850aeb9043148141910ff6f8652a260cad7a00eddca2a9345788c09764b,1
https://sfsu.app.box.com/s/07yihuraz2bnfyj8s4kw7qzlu7nzq9c9,https://ueap.sfsu.edu/content/curriculum/course-information,2025-05-19 21:29:27,5f97f005e58c63887cba95fcf908402fb3d55fd7b2ac27ca0be757703512f460,1
https://sfsu.app.box.com/s/c7ko15lnldtrqfpqivmaykg23ceok33n,https://ueap.sfsu.edu/content/curriculum/course-information,2025-05-19 21:29:33,139cab0a76e1e0a21306ecb5efe196acb04819939d55c95f38135cb9f8e34d18,1
https://sfsu.app.box.com/s/3p6zwx5yfcx6riblixsn1f4frltbslvx,https://ueap.sfsu.edu/content/curriculum/course-information,2025-05-19 21:29:37,b7efa16ba34066b5ecc61300ab6588f577058d84b065c54d2c8611622264fbac,1
https://sfsu.app.box.com/s/xapqqkxak6993tdlcfhah5xulj5s444n,https://ueap.sfsu.edu/content/curriculum/course-information,2025-05-19 21:29:42,ddb476b6dcac280d48918667bb158897cc0280d809cd4ac204c51274e95177d8,1
https://sfsu.app.box.com/s/lfkkz6tfvm1focljt6u7t048rmeyz9jt,https://ueap.sfsu.edu/accreditation/2013_archive/stage_two,2025-05-19 22:37:19,d769b21867f7b535981ef90e99a4ad7f10ff7066a728caa55614dd214579dadc,1
https://sfsu.app.box.com/s/yttzudqoozlt7s6x6hir4thtkoqzdilz,https://ueap.sfsu.edu/accreditation/2013_archive/stage_two,2025-05-19 23:22:01,ff21cdb88879196e471be7d9dbdd4c17ccbe475d71228a38e1f4ded6c86691d7,1
https://sfsu.app.box.com/s/eh8tijwtbczfutt8aeqtk00zwx966ewv,https://ueap.sfsu.edu/accreditation/2013_archive/stage_two,2025-05-19 23:22:09,0db1dc664d6de7f453f60d7e98cc4116360fdfdcc6e13bfa9fdcbf9e48994882,1
https://sfsu.app.box.com/s/eyx5k4033m5ggtr00mzyy74mt9q6l87s,https://ueap.sfsu.edu/accreditation/2013_archive/stage_two,2025-05-19 23:22:54,61346ae52a3614554958d540b260e056d3b167d9fbb7fbb1dc5a6cbdf1280af4,1
https://registrar.sfsu.edu/sites/default/files/documents/Spring%202025%20Key%20Dates.pdf,https://registrar.sfsu.edu/archived_calendar,2025-06-30 21:06:50,dd7615bc0ca1a374aa51e12bca7b8a70cf5639cd4c7ae49656cba459b2772676,1
https://registrar.sfsu.edu/sites/default/files/documents/Summer%202025%20Key%20Dates.pdf,https://registrar.sfsu.edu/archived_calendar,2025-09-29 19:18:17,27a890cf8d6565ef19bc8a69b24860a38f2a6351d3002bd7baa0a35b54e1dddc,1
https://aas.sfsu.edu/sites/default/files/documents/AAS-Archived-Events-2021.pdf,https://aas.sfsu.edu/events,2025-10-29 17:53:16,ef56b5f8b43f5c745c87bf1e481b021007908a849913ffc33dde81057a682d46,1
https://aas.sfsu.edu/sites/default/files/documents/AAS-Archived-Events-2020.pdf,https://aas.sfsu.edu/events,2025-10-29 17:53:19,e1c884c03e5a7db0768cefc7eb4212c882892e6cfcbc4cbce2943992f9795b46,1
https://aas.sfsu.edu/sites/default/files/documents/AAS-Archived-Events-2019.pdf,https://aas.sfsu.edu/events,2025-10-29 17:53:21,5a00d9fdea34f949cbe8bfe8305ec4342cd93ed58af7034e50cc6279b1b44638,1
https://aas.sfsu.edu/sites/default/files/documents/AAS-Archived-Events-2018.pdf,https://aas.sfsu.edu/events,2025-10-29 17:53:25,3ab6f437440d367c7b3c0b809efcb4c2132c12895fe9707c3adce69937a2997b,1
https://aas.sfsu.edu/sites/default/files/documents/AAS-Archived-Events-2017.pdf,https://aas.sfsu.edu/events,2025-10-29 17:53:34,13820c4ee5082fc48928d2dc68116f0e66ee5a4d36418be33da530579f14e840,1
https://aas.sfsu.edu/sites/default/files/documents/AAS-Archived-Events-2016.pdf,https://aas.sfsu.edu/events,2025-10-29 17:53:43,e0f18801173ec82df52aa135077cf58c0eef2d2e71dd02547b4e45c134bdfc89,1
https://aas.sfsu.edu/sites/default/files/documents/AAS-Archived-Events-2015.pdf,https://aas.sfsu.edu/events,2025-10-29 17:53:57,b0b92c6f5bc645ce426e45512b8fca7d43820aaf8a5cf2f4df0f08e2787bd1ca,1
https://aas.sfsu.edu/sites/default/files/documents/AAS-Archived-Events-2014.pdf,https://aas.sfsu.edu/events,2025-10-29 17:54:01,2d0f0d0493c2d22915f343852ed9a9f39e7483f9f04773895d9a7114429613a9,1
https://slhs.sfsu.edu/sites/default/files/documents/Strategic%20Planning%20Report%202012%20Archived.pdf,https://slhs.sfsu.edu,2025-10-29 19:41:39,621dfabee6fa78cbefcb28def76ded260e21010467d2b3cb350bcd4ff1b494ff,1
https://slhs.sfsu.edu/sites/default/files/documents/Strategic%20Planning%20Report%202012%20Archived.pdf,https://slhs.sfsu.edu/,2025-10-29 19:41:53,621dfabee6fa78cbefcb28def76ded260e21010467d2b3cb350bcd4ff1b494ff,1
https://sfsu.app.box.com/s/72h9s4b99zjgkgq419291hg5q0ksm1jp,https://ueap.sfsu.edu/content/curriculum/course-information,2025-10-29 19:45:01,f14ffd1cc96fa058b565ff5d99418bac7af89c1adccc6ffc9315e6b1bec6bef0,1
